id,transactionHash,timestamp,maker,taker,makerAssetId,takerAssetId,makerAmountFilled,takerAmountFilled,fee,outcome,datetime,side,usdc_amount,token_amount,price,yes_price,no_price
0x4b071596e983d4314aedd02224205021dc4fd1fc7609af472d3caebefd1fb3be_0x026d9b3cef85bf3507653907dd657c1335b8e6ca9261ef4a138684aac646bdff,0x4b071596e983d4314aedd02224205021dc4fd1fc7609af472d3caebefd1fb3be,1706806796,0xcb14f61711d913773f4b982af340fa7eae175358,0x3cf3e8d5427aed066a7a5926980600f6c3cf87b3,0,51735590924894170001569823740991899172901949146021448619123146982012128066328,14.25,15.0,0.0,YES,2024-02-01 16:59:56+00:00,BUY,14.25,15.0,0.95,0.95,0.05
0x867ee5aad9381dfb3f002e20939b5cbc99bc9b3aaf5dcdf32d3f2e55aed14d95_0x274deac9a0ca3a683406431b1da44b3b0dae18e2fc69fff4df695afe236c2cfc,0x867ee5aad9381dfb3f002e20939b5cbc99bc9b3aaf5dcdf32d3f2e55aed14d95,1707831902,0xd42f6a1634a3707e27cbae14ca966068e5d1047d,0xa84bdfe6ffa8bc7dd21b5c412258062e7b765055,0,51735590924894170001569823740991899172901949146021448619123146982012128066328,5.374077,105.374058,0.0,YES,2024-02-13 13:45:02+00:00,BUY,5.374077,105.374058,0.05100000039858007,0.05100000039858007,0.949
0x17357cbd44bb5b38e0a1f3507722429634d74ecee070e476d79165f237c0eee3_0xbec49ab436b0bd77a33f7aab592f02e73946f11b88d35cddbb8063cc8719ca95,0x17357cbd44bb5b38e0a1f3507722429634d74ecee070e476d79165f237c0eee3,1707835489,0xda0d6269d8362ad0dd156213715b3d69be2eccc8,0xc5d563a36ae78145c45a50134d48a1215220f80a,0,51735590924894170001569823740991899172901949146021448619123146982012128066328,6.0,100.0,0.0,YES,2024-02-13 14:44:49+00:00,BUY,6.0,100.0,0.06,0.06,0.94
0xa092ec5415d4103f681fb831a2a1ec5047cb5b9ff8f5cdbefd4b20829c9856b1_0x17322d8a47a132fb490cc22aa27d8f88d1a70633e14bf78abb904eb3c7cc19ca,0xa092ec5415d4103f681fb831a2a1ec5047cb5b9ff8f5cdbefd4b20829c9856b1,1708231512,0xd42f6a1634a3707e27cbae14ca966068e5d1047d,0xc5d563a36ae78145c45a50134d48a1215220f80a,51735590924894170001569823740991899172901949146021448619123146982012128066328,0,105.37,100.20687,0.0,YES,2024-02-18 04:45:12+00:00,SELL,100.20687,105.37,0.951,0.951,0.049
0x0ed838be540648b237e2a50afb467f875f068afe2c8a37867cc75af64afab580_0x621bff3cda99f133b92dd71700aa450e7af07437dd4625451e236c4e25592b44,0x0ed838be540648b237e2a50afb467f875f068afe2c8a37867cc75af64afab580,1708231604,0x9d84ce0306f8551e02efef1680475fc0f1dc1344,0xd42f6a1634a3707e27cbae14ca966068e5d1047d,0,51735590924894170001569823740991899172901949146021448619123146982012128066328,137.54313,144.63,0.0,YES,2024-02-18 04:46:44+00:00,BUY,137.54313,144.63,0.951,0.951,0.049
0xd5e6b02fe27f0203e875cc75686c692913003cacf63b288b6bfb2a9d3879b534_0x93fc294c460a595d65ba5faf6bec3d150e3cef8ae04d1ab9f75d73b8c4ad4ea5,0xd5e6b02fe27f0203e875cc75686c692913003cacf63b288b6bfb2a9d3879b534,1708368834,0x30e443872ddf63b2908a49f92cd690c304a55102,0x8a09e4f73db5ff0b77affdc2180f09be630eabe5,0,51735590924894170001569823740991899172901949146021448619123146982012128066328,343.636363,363.636362,0.0,YES,2024-02-19 18:53:54+00:00,BUY,343.636363,363.636362,0.9450000025025,0.9450000025025,0.055
0xb689942edf2e70f43c515c0b44d7df0ca62eef30f4431a59952bb2a3b8b3de94_0x5d287c18105c84ae41edaefaaf9987e7c25b774f6f90f3b2c175dab38e3e8182,0xb689942edf2e70f43c515c0b44d7df0ca62eef30f4431a59952bb2a3b8b3de94,1708498898,0x9d84ce0306f8551e02efef1680475fc0f1dc1344,0xceeea8b6482628f5e0ac12e213bc42d79cbd1574,0,51735590924894170001569823740991899172901949146021448619123146982012128066328,146.25,156.25,0.0,YES,2024-02-21 07:01:38+00:00,BUY,146.25,156.25,0.936,0.936,0.064
0xb9e76d8a744a5847debaf79f5135b9fed3678d3a43b906aa2117b5f04f6e850a_0xb4158b5ac57b596fbd2fef348e5f2a9903614d24833105786575de10bac7ccb9,0xb9e76d8a744a5847debaf79f5135b9fed3678d3a43b906aa2117b5f04f6e850a,1708580828,0xb912b53ae7ac62f3565f19cd5dbf2384f25260a0,0xc5d563a36ae78145c45a50134d48a1215220f80a,0,51735590924894170001569823740991899172901949146021448619123146982012128066328,75.359985,78.993695,0.0,YES,2024-02-22 05:47:08+00:00,BUY,75.359985,78.993695,0.9539999996202227,0.9539999996202227,0.046
0xf8789d787a897a9f9a6e42ce49065693828de4049a24be03803d2f808a141223_0x09fd8cab64edb30b3f634590bf649d37b9b72fcd7a7b9dfc0034159602998da1,0xf8789d787a897a9f9a6e42ce49065693828de4049a24be03803d2f808a141223,1708630804,0x8debd189ffd74160f25e367bafaed61a9fea7062,0xc5d563a36ae78145c45a50134d48a1215220f80a,0,51735590924894170001569823740991899172901949146021448619123146982012128066328,401.64354,421.01,0.0,YES,2024-02-22 19:40:04+00:00,BUY,401.64354,421.01,0.954,0.954,0.046
0x661afcbc62d8269394782a9a3e4926661805272a41e11819af236717c1285d4a_0xfb6a950d58180a39623ac019c2eb7580396a778f971ffa0dc26e5c0a9ca08268,0x661afcbc62d8269394782a9a3e4926661805272a41e11819af236717c1285d4a,1708657021,0x8debd189ffd74160f25e367bafaed61a9fea7062,0xc5d563a36ae78145c45a50134d48a1215220f80a,0,51735590924894170001569823740991899172901949146021448619123146982012128066328,476.5,500.0,0.0,YES,2024-02-23 02:57:01+00:00,BUY,476.5,500.0,0.953,0.953,0.047
0x4b9dcd150d7b954d5192a0e8aea9d9c73b9bc7c0fdb4f57ff7698db44f4751e4_0xd8d71f128f5bfe9eb3f63492417d8209671ddff8f03e7bb5c6d0d45e7501c9df,0x4b9dcd150d7b954d5192a0e8aea9d9c73b9bc7c0fdb4f57ff7698db44f4751e4,1708659337,0x8debd189ffd74160f25e367bafaed61a9fea7062,0xc5d563a36ae78145c45a50134d48a1215220f80a,0,51735590924894170001569823740991899172901949146021448619123146982012128066328,476.0,500.0,0.0,YES,2024-02-23 03:35:37+00:00,BUY,476.0,500.0,0.952,0.952,0.048
0x5af76073f7406b1ce633f29db3f83cf9194d1b2d760cd8a4eedef80727fef7c2_0x0e3c2e8c4f209a43a8665d2676d477ba5c0b4092f1a6c755aafd5cec1485e7b4,0x5af76073f7406b1ce633f29db3f83cf9194d1b2d760cd8a4eedef80727fef7c2,1708664289,0x8debd189ffd74160f25e367bafaed61a9fea7062,0xc5d563a36ae78145c45a50134d48a1215220f80a,0,51735590924894170001569823740991899172901949146021448619123146982012128066328,714.0,750.0,0.0,YES,2024-02-23 04:58:09+00:00,BUY,714.0,750.0,0.952,0.952,0.048
0xae6bfc6a60eb3639db9c9ddb7a3ddfbad9bf877b0752711743d459d4793c5bbe_0x98dd613094b92b445b85cb693aac8fdf4db77a1966b318e50e1a0384f60ae946,0xae6bfc6a60eb3639db9c9ddb7a3ddfbad9bf877b0752711743d459d4793c5bbe,1708712850,0x8debd189ffd74160f25e367bafaed61a9fea7062,0xc5d563a36ae78145c45a50134d48a1215220f80a,0,51735590924894170001569823740991899172901949146021448619123146982012128066328,476.5,500.0,0.0,YES,2024-02-23 18:27:30+00:00,BUY,476.5,500.0,0.953,0.953,0.047
0xab7222bb9e4692a3fd4d2524fae97a3b1a587453f16c5c3988200aa56b5838dd_0xdba6a4e8d2c644595dadc40f8b426f73fe8081e6d88d3b9215fa319ddf4f8d05,0xab7222bb9e4692a3fd4d2524fae97a3b1a587453f16c5c3988200aa56b5838dd,1708802817,0x671151cf9a33e2e558e15feb73c0ad2d66e37d95,0xc5d563a36ae78145c45a50134d48a1215220f80a,0,51735590924894170001569823740991899172901949146021448619123146982012128066328,99.999982,104.275268,0.0,YES,2024-02-24 19:26:57+00:00,BUY,99.999982,104.275268,0.95899999988492,0.95899999988492,0.041
0x39d902572cfc8017d8943c67178634d63ce12bf22da4801c79c225c4c6c1425f_0x8aaed5ca1a16203053cff6e04911db8e5ce5ebf63c53bae5b1ebee0f474d22b0,0x39d902572cfc8017d8943c67178634d63ce12bf22da4801c79c225c4c6c1425f,1708826502,0x8f23aead02f055b69c7f7db51a2d74187bb2c7d0,0xc5d563a36ae78145c45a50134d48a1215220f80a,0,51735590924894170001569823740991899172901949146021448619123146982012128066328,479.5,500.0,0.0,YES,2024-02-25 02:01:42+00:00,BUY,479.5,500.0,0.959,0.959,0.041
0x89cf7ba6f21f36d7d51840df19056f58f54c2cd20980d409659495df17543fe3_0x574d6420db2487426b152b125a495f1804d877446abc82c4f3c9f25497cf6a23,0x89cf7ba6f21f36d7d51840df19056f58f54c2cd20980d409659495df17543fe3,1708834822,0x8debd189ffd74160f25e367bafaed61a9fea7062,0xc5d563a36ae78145c45a50134d48a1215220f80a,0,51735590924894170001569823740991899172901949146021448619123146982012128066328,859.005046,895.729975,0.0,YES,2024-02-25 04:20:22+00:00,BUY,859.005046,895.729975,0.9589999999720898,0.9589999999720898,0.041
0xdce7503553447d067ed79b6f92cda115342c3b4abf279c59f37a04901eb10224_0x111c43d49ddbebf265842bcaf0203ac4ba2f9d0604da994988b4b70f1f928025,0xdce7503553447d067ed79b6f92cda115342c3b4abf279c59f37a04901eb10224,1708872862,0xceeea8b6482628f5e0ac12e213bc42d79cbd1574,0xc5d563a36ae78145c45a50134d48a1215220f80a,37677462944074969182752596427808431064991251926309617997598199261642924717625,0,156.25,6.5625,0.0,NO,2024-02-25 14:54:22+00:00,SELL,6.5625,156.25,0.042,0.958,0.042
0xec3736a8fb90383a89f54d92a816f8d66d5acc4a36e256967d4fa1b5c7b2c1ba_0x1ad6f9931200079c3743d7f29ddcc52a04f57d19c7ea95ba4f29d3903fcf733d,0xec3736a8fb90383a89f54d92a816f8d66d5acc4a36e256967d4fa1b5c7b2c1ba,1708881673,0x8debd189ffd74160f25e367bafaed61a9fea7062,0xc5d563a36ae78145c45a50134d48a1215220f80a,0,51735590924894170001569823740991899172901949146021448619123146982012128066328,329.3125,343.75,0.0,YES,2024-02-25 17:21:13+00:00,BUY,329.3125,343.75,0.958,0.958,0.042
0xf76d1ade860ef8e14fc7444ec5cf1e504b123413d1206dfcfa7f31cd45ad0d31_0xafde5fff1215e8d6095b13a67005bbeaa2408024cde50506b40910c0f58eb126,0xf76d1ade860ef8e14fc7444ec5cf1e504b123413d1206dfcfa7f31cd45ad0d31,1708883068,0x8f23aead02f055b69c7f7db51a2d74187bb2c7d0,0xc5d563a36ae78145c45a50134d48a1215220f80a,0,51735590924894170001569823740991899172901949146021448619123146982012128066328,959.0,1000.0,0.0,YES,2024-02-25 17:44:28+00:00,BUY,959.0,1000.0,0.959,0.959,0.041
0x49d7a3dda6c5d2cb387bd66ec3b76a86a15848b507e005c2d90b1a5bb0090eac_0x73300bbc8bb50f71b7343aed091356016c38cd4b5377388d915f8e03d707192a,0x49d7a3dda6c5d2cb387bd66ec3b76a86a15848b507e005c2d90b1a5bb0090eac,1708885798,0x8f23aead02f055b69c7f7db51a2d74187bb2c7d0,0x67a97665211456a0beb964b64429c7db3de46610,0,51735590924894170001569823740991899172901949146021448619123146982012128066328,9.49,10.0,0.0,YES,2024-02-25 18:29:58+00:00,BUY,9.49,10.0,0.9490000000000001,0.9490000000000001,0.051
0x840d65a87fef39771bcfc3e5ddbb555c96a0a3ac567f9cbf709af6b2e2e33690_0x73300bbc8bb50f71b7343aed091356016c38cd4b5377388d915f8e03d707192a,0x840d65a87fef39771bcfc3e5ddbb555c96a0a3ac567f9cbf709af6b2e2e33690,1709020911,0x8f23aead02f055b69c7f7db51a2d74187bb2c7d0,0x285e44ebc774abfbe205ccbf1636979309379ae3,0,51735590924894170001569823740991899172901949146021448619123146982012128066328,4.745,5.0,0.0,YES,2024-02-27 08:01:51+00:00,BUY,4.745,5.0,0.9490000000000001,0.9490000000000001,0.051
0xde6d98e5db975c8aec1d088b74e41b1d7674183a835a376be0cea08dd149f8b6_0x3d432812823c61b445132d8028c56b1325cbca6d4db6da4cdd4226bdc213b3c0,0xde6d98e5db975c8aec1d088b74e41b1d7674183a835a376be0cea08dd149f8b6,1709021461,0xe25b9180f5687aa85bd94ee309bb72a464320f1b,0xc5d563a36ae78145c45a50134d48a1215220f80a,51735590924894170001569823740991899172901949146021448619123146982012128066328,0,328.0,311.272,0.0,YES,2024-02-27 08:11:01+00:00,SELL,311.272,328.0,0.949,0.949,0.051
0x916a040dd0528954519b8418727c97f46e76b96fc60880b20267678ef5f4e3ac_0xd26a0f83e3620b183f7cb435625eceab6c1284a57f810ac743033932304f6d8d,0x916a040dd0528954519b8418727c97f46e76b96fc60880b20267678ef5f4e3ac,1709037179,0xa61273735f2f6ffa5f27cb2b90c2d60c3b1aac04,0xc5d563a36ae78145c45a50134d48a1215220f80a,0,51735590924894170001569823740991899172901949146021448619123146982012128066328,5.999995,6.256512,0.0,YES,2024-02-27 12:32:59+00:00,BUY,5.999995,6.256512,0.9589999987213323,0.9589999987213323,0.041
0x42a65c9dd105d02291d98cee6384f9b6ae80a007c7b7236e84ed4822d7b61cc8_0x5a5b0ab62c218507ee4458fe439f870dfde90a3325bbbe9cfac9b3c309f7ba36,0x42a65c9dd105d02291d98cee6384f9b6ae80a007c7b7236e84ed4822d7b61cc8,1709049283,0xda0d6269d8362ad0dd156213715b3d69be2eccc8,0xc5d563a36ae78145c45a50134d48a1215220f80a,51735590924894170001569823740991899172901949146021448619123146982012128066328,0,10.0,9.49,0.0,YES,2024-02-27 15:54:43+00:00,SELL,9.49,10.0,0.9490000000000001,0.9490000000000001,0.051
0xf903642b30ce16c19d3aa6e9a7ed9d831b005303278fb570dd5760cdaaacd8c6_0xcee85b39e7477cd07b9703712c9d35e0fa02ac6c1fb845c29f2fdb48f7a32893,0xf903642b30ce16c19d3aa6e9a7ed9d831b005303278fb570dd5760cdaaacd8c6,1709049295,0xda0d6269d8362ad0dd156213715b3d69be2eccc8,0xc5d563a36ae78145c45a50134d48a1215220f80a,51735590924894170001569823740991899172901949146021448619123146982012128066328,0,10.0,9.49,0.0,YES,2024-02-27 15:54:55+00:00,SELL,9.49,10.0,0.9490000000000001,0.9490000000000001,0.051
0xac98c3d1b27fbda6a18d5d6550306636d668bf285beec5b06b94cfb77dfd03ac_0xb1bdc0fbe8bda79f27f231d0bce191eb7776b5c64ac057ab9d1b15a995860429,0xac98c3d1b27fbda6a18d5d6550306636d668bf285beec5b06b94cfb77dfd03ac,1709049975,0xda0d6269d8362ad0dd156213715b3d69be2eccc8,0xc5d563a36ae78145c45a50134d48a1215220f80a,51735590924894170001569823740991899172901949146021448619123146982012128066328,0,30.0,28.47,0.0,YES,2024-02-27 16:06:15+00:00,SELL,28.47,30.0,0.949,0.949,0.051
0xbb99605037944ff0db64d2edce190e88c9ccb592062918cbd06802b373c2595c_0xaafc19a9da9b16e44838ec87df8b3bfc36614e66bbb1927976ed8e42912320f6,0xbb99605037944ff0db64d2edce190e88c9ccb592062918cbd06802b373c2595c,1709095999,0xe0f1e7751df4035f78a5eb2f4296c98b4d5bc4bd,0xc5d563a36ae78145c45a50134d48a1215220f80a,0,51735590924894170001569823740991899172901949146021448619123146982012128066328,147.169987,153.461926,0.0,YES,2024-02-28 04:53:19+00:00,BUY,147.169987,153.461926,0.9589999997784466,0.9589999997784466,0.041
0xff5be8295d3376d4742743ecbf53f83da85bdf44ddd65407c2acc5ad82de30a2_0xbc76c295ffb3e0e1a85b618da8db7765e72912474368b2feee90534c8842cdf8,0xff5be8295d3376d4742743ecbf53f83da85bdf44ddd65407c2acc5ad82de30a2,1709101554,0x1ae2dfe7b33fa20afef3c232198884af80bc9270,0xc5d563a36ae78145c45a50134d48a1215220f80a,0,51735590924894170001569823740991899172901949146021448619123146982012128066328,18.969979,19.781,0.0,YES,2024-02-28 06:25:54+00:00,BUY,18.969979,19.781,0.959,0.959,0.041
0xfe0577edd6b54267a456910b477a12ac822f2e8d1f5c5cda1709974ce94d2879_0xc08915dbebc5d3a08a935280a54c90dad5eae79a1d6f911297a1dcf01056e8c2,0xfe0577edd6b54267a456910b477a12ac822f2e8d1f5c5cda1709974ce94d2879,1709183993,0x8debd189ffd74160f25e367bafaed61a9fea7062,0xc5d563a36ae78145c45a50134d48a1215220f80a,0,51735590924894170001569823740991899172901949146021448619123146982012128066328,115.56909,120.51,0.0,YES,2024-02-29 05:19:53+00:00,BUY,115.56909,120.51,0.959,0.959,0.041
0x10a8729303bfb5d1a354a4b2e8b34d26dde4eada94973aa93aecd1990d611f27_0xe1328867e5a085936bfd9cf0dba2b6085006e74121e98e9cfd6a8ec943ce1af2,0x10a8729303bfb5d1a354a4b2e8b34d26dde4eada94973aa93aecd1990d611f27,1709235315,0x30e443872ddf63b2908a49f92cd690c304a55102,0xc5d563a36ae78145c45a50134d48a1215220f80a,37677462944074969182752596427808431064991251926309617997598199261642924717625,0,1136.36,46.59076,0.0,NO,2024-02-29 19:35:15+00:00,SELL,46.59076,1136.36,0.04100000000000001,0.959,0.04100000000000001
0x65f32b899992819e671500def9e48ed6e06da876587074374dc7633ba3605550_0x2057b9475648aa8c8edfb0c0e6cd7d5a0974a1ef08ae4a820f70fc2dd384703f,0x65f32b899992819e671500def9e48ed6e06da876587074374dc7633ba3605550,1709252127,0x43372356634781eea88d61bbdd7824cdce958882,0x59ee6c6a56d7b00223f0c30f8002c4df762b684d,0,51735590924894170001569823740991899172901949146021448619123146982012128066328,5.7,6.0,0.0,YES,2024-03-01 00:15:27+00:00,BUY,5.7,6.0,0.9500000000000001,0.9500000000000001,0.05
0xebb0c126864407f6f9cd5eac0d175a3a1bdfcb4678972619f7bed819d3e3634d_0x2057b9475648aa8c8edfb0c0e6cd7d5a0974a1ef08ae4a820f70fc2dd384703f,0xebb0c126864407f6f9cd5eac0d175a3a1bdfcb4678972619f7bed819d3e3634d,1709252639,0x43372356634781eea88d61bbdd7824cdce958882,0x59ee6c6a56d7b00223f0c30f8002c4df762b684d,0,51735590924894170001569823740991899172901949146021448619123146982012128066328,5.7,6.0,0.0,YES,2024-03-01 00:23:59+00:00,BUY,5.7,6.0,0.9500000000000001,0.9500000000000001,0.05
0x2720f4b54d4e50e3c717ea512743fcbeac30b49d62fdcd6dc052d0fe2faec94d_0x2057b9475648aa8c8edfb0c0e6cd7d5a0974a1ef08ae4a820f70fc2dd384703f,0x2720f4b54d4e50e3c717ea512743fcbeac30b49d62fdcd6dc052d0fe2faec94d,1709252996,0x43372356634781eea88d61bbdd7824cdce958882,0x59ee6c6a56d7b00223f0c30f8002c4df762b684d,0,51735590924894170001569823740991899172901949146021448619123146982012128066328,5.7,6.0,0.0,YES,2024-03-01 00:29:56+00:00,BUY,5.7,6.0,0.9500000000000001,0.9500000000000001,0.05
0x7a3e983341656f36bcc8ccbf0773e90d0b0ca439d6b62d223805f88a45d0cf7c_0x2057b9475648aa8c8edfb0c0e6cd7d5a0974a1ef08ae4a820f70fc2dd384703f,0x7a3e983341656f36bcc8ccbf0773e90d0b0ca439d6b62d223805f88a45d0cf7c,1709279478,0x43372356634781eea88d61bbdd7824cdce958882,0x57bbe0bfd56314303160f4afdd9948cd5c6ff59e,0,51735590924894170001569823740991899172901949146021448619123146982012128066328,19.0,20.0,0.0,YES,2024-03-01 07:51:18+00:00,BUY,19.0,20.0,0.95,0.95,0.05
0xe2cf1bfa3cea9632f6290ca0b74e04e71181bf875a052b131aed5e100c90b116_0x44740007e76416894b5e8986c49e4f1a1882eec1495d3b23cbff3d041e6801db,0xe2cf1bfa3cea9632f6290ca0b74e04e71181bf875a052b131aed5e100c90b116,1709279664,0x57bbe0bfd56314303160f4afdd9948cd5c6ff59e,0x285e44ebc774abfbe205ccbf1636979309379ae3,37677462944074969182752596427808431064991251926309617997598199261642924717625,0,5.0,0.24,0.0,NO,2024-03-01 07:54:24+00:00,SELL,0.24,5.0,0.048,0.952,0.048
0x2d4fa71a3e1c71fac75abefe780f44bec8fd5057c5b00ccf70cb6868f1419d9d_0xb0c7f913ec1951b38c1a0b8b066cbbf064b4d45b9a63c36681f70c124b3734b9,0x2d4fa71a3e1c71fac75abefe780f44bec8fd5057c5b00ccf70cb6868f1419d9d,1709280349,0x57bbe0bfd56314303160f4afdd9948cd5c6ff59e,0x285e44ebc774abfbe205ccbf1636979309379ae3,37677462944074969182752596427808431064991251926309617997598199261642924717625,0,5.0,0.24,0.0,NO,2024-03-01 08:05:49+00:00,SELL,0.24,5.0,0.048,0.952,0.048
0xe2a4be6148017135811e8cff98a9e901637211e57641f5aee532d3fb2559697c_0x5ac5064399b8cf83c55aad9d3a8638fd01bd66311182d8a24d15b07a726a8497,0xe2a4be6148017135811e8cff98a9e901637211e57641f5aee532d3fb2559697c,1709280839,0x57bbe0bfd56314303160f4afdd9948cd5c6ff59e,0x285e44ebc774abfbe205ccbf1636979309379ae3,37677462944074969182752596427808431064991251926309617997598199261642924717625,0,5.0,0.24,0.0,NO,2024-03-01 08:13:59+00:00,SELL,0.24,5.0,0.048,0.952,0.048
0x7579930c3491256647b66a3cf2801c3d0c3f7e4c011b9e426984f81eade35443_0x73300bbc8bb50f71b7343aed091356016c38cd4b5377388d915f8e03d707192a,0x7579930c3491256647b66a3cf2801c3d0c3f7e4c011b9e426984f81eade35443,1709280959,0x8f23aead02f055b69c7f7db51a2d74187bb2c7d0,0x57bbe0bfd56314303160f4afdd9948cd5c6ff59e,0,51735590924894170001569823740991899172901949146021448619123146982012128066328,4.745,5.0,0.0,YES,2024-03-01 08:15:59+00:00,BUY,4.745,5.0,0.9490000000000001,0.9490000000000001,0.051
0xe1c5cc218d3bdd16646fb758d97860e089f2013a585bb566ddadf8f4146cdf1a_0xeff5be3a716ca1ee67bca5abec092babfb8b4fc4a25b6651c54a1feb4cf32059,0xe1c5cc218d3bdd16646fb758d97860e089f2013a585bb566ddadf8f4146cdf1a,1709281237,0x57bbe0bfd56314303160f4afdd9948cd5c6ff59e,0x285e44ebc774abfbe205ccbf1636979309379ae3,37677462944074969182752596427808431064991251926309617997598199261642924717625,0,5.0,0.24,0.0,NO,2024-03-01 08:20:37+00:00,SELL,0.24,5.0,0.048,0.952,0.048
0x1cc87105d3902b6071f60581d88d2a52522a8cf390d7afd229eb877d6bdef3a5_0x89a27d753fea6c8a5dc587193fec11e9583e643591d5a3cb2e307ca9943f0880,0x1cc87105d3902b6071f60581d88d2a52522a8cf390d7afd229eb877d6bdef3a5,1709302050,0x671151cf9a33e2e558e15feb73c0ad2d66e37d95,0xc5d563a36ae78145c45a50134d48a1215220f80a,0,51735590924894170001569823740991899172901949146021448619123146982012128066328,379.49548,395.72,0.0,YES,2024-03-01 14:07:30+00:00,BUY,379.49548,395.72,0.9589999999999999,0.9589999999999999,0.041
0x0de9aaafb1d92f7b7b783edfbd9532de6ca803f974f4f4786a1a518c0035991a_0x251da4f63d329fe32adc66f8e21330073566257085825ab228ae5f4bc0f400cc,0x0de9aaafb1d92f7b7b783edfbd9532de6ca803f974f4f4786a1a518c0035991a,1709316888,0xb2c1401daabac7d2041149b9fc8acf76aa1356f0,0xc5d563a36ae78145c45a50134d48a1215220f80a,0,51735590924894170001569823740991899172901949146021448619123146982012128066328,9.59,10.0,0.0,YES,2024-03-01 18:14:48+00:00,BUY,9.59,10.0,0.959,0.959,0.041
0x33c04ceb4b8e4ecf76d235988fd284d3578c7f2e9eb520d1fb1c1b7168c3c693_0xe36675c57109f043fc08558e5f1ad7e6f56da4daf6ce2466d903890b1d3ef94d,0x33c04ceb4b8e4ecf76d235988fd284d3578c7f2e9eb520d1fb1c1b7168c3c693,1709425403,0x24c8cf69a0e0a17eee21f69d29752bfa32e823e1,0x6b7ec4ba079c0a258435ea36025f6190cd424562,0,51735590924894170001569823740991899172901949146021448619123146982012128066328,285.0,300.0,0.0,YES,2024-03-03 00:23:23+00:00,BUY,285.0,300.0,0.95,0.95,0.05
0x3fb3059a418499fe6e7dceaaa1e1be836b1f63ec7717b49f0a8fe63ce02382cd_0xcd7f0eca19f23be7852f2e79d22dae756a0519eb07cb6aac3ab2f0bd42c0fa6f,0x3fb3059a418499fe6e7dceaaa1e1be836b1f63ec7717b49f0a8fe63ce02382cd,1709425491,0x6b7ec4ba079c0a258435ea36025f6190cd424562,0xc5d563a36ae78145c45a50134d48a1215220f80a,37677462944074969182752596427808431064991251926309617997598199261642924717625,0,300.0,12.3,0.0,NO,2024-03-03 00:24:51+00:00,SELL,12.3,300.0,0.041,0.959,0.041
0xe43bc9e510cef2a4a99d8ba94b37e4c6b9936476374e60dbec65c5d39dd70cd8_0x59ea4093f31a8e94ce21ad13233f838e089ecda76b4bae35d5235b96ef94ed23,0xe43bc9e510cef2a4a99d8ba94b37e4c6b9936476374e60dbec65c5d39dd70cd8,1709426087,0xe0f1e7751df4035f78a5eb2f4296c98b4d5bc4bd,0xc5d563a36ae78145c45a50134d48a1215220f80a,51735590924894170001569823740991899172901949146021448619123146982012128066328,0,17.0,16.133,0.0,YES,2024-03-03 00:34:47+00:00,SELL,16.133,17.0,0.949,0.949,0.051
0x50bb1615bad4c763286d6d9177a2512949541bf557ef58a7493bd06de5bcd381_0x691c6c2c4829d731f705a01f1a537b645c0b82668a009e7fa1f9ef30a2b6d360,0x50bb1615bad4c763286d6d9177a2512949541bf557ef58a7493bd06de5bcd381,1709488861,0x8debd189ffd74160f25e367bafaed61a9fea7062,0xc5d563a36ae78145c45a50134d48a1215220f80a,0,51735590924894170001569823740991899172901949146021448619123146982012128066328,191.0,200.0,0.0,YES,2024-03-03 18:01:01+00:00,BUY,191.0,200.0,0.955,0.955,0.045
0x78494308118a57929bc08460ee29e4f68a294a8c785f8db55ed182660c7d20c5_0x385216baecf0098c8da9d8b5665aba132250d0df00fc3659ebf0364eb9bfe3cb,0x78494308118a57929bc08460ee29e4f68a294a8c785f8db55ed182660c7d20c5,1709501443,0xaaf4acafbb7980ce93631d238eb10a5c4ca67883,0xc5d563a36ae78145c45a50134d48a1215220f80a,0,51735590924894170001569823740991899172901949146021448619123146982012128066328,3890.662976,4056.999975,0.0,YES,2024-03-03 21:30:43+00:00,BUY,3890.662976,4056.999975,0.9589999999938378,0.9589999999938378,0.041
0x574dfdbf9f012eabe4c3196f9d36437227a0a2475f3f69fd32612815cac801d6_0x75270509e2670467e3ac2b3eb5c5c13716b66da7f51cbf86ac9e9d9bd4e45ef6,0x574dfdbf9f012eabe4c3196f9d36437227a0a2475f3f69fd32612815cac801d6,1709531236,0xe0f1e7751df4035f78a5eb2f4296c98b4d5bc4bd,0xc5d563a36ae78145c45a50134d48a1215220f80a,51735590924894170001569823740991899172901949146021448619123146982012128066328,0,136.46,130.72868,0.0,YES,2024-03-04 05:47:16+00:00,SELL,130.72868,136.46,0.958,0.958,0.042
0x59e2337d77eebfe16868d78c248bce376ff93516d21a108ebc24f6f4d49c74f2_0xd14dd38d6e1e68af97977f3d4334ffe515083ee943ad62e9a05d368d11cc97de,0x59e2337d77eebfe16868d78c248bce376ff93516d21a108ebc24f6f4d49c74f2,1709544197,0x57bbe0bfd56314303160f4afdd9948cd5c6ff59e,0xc5d563a36ae78145c45a50134d48a1215220f80a,37677462944074969182752596427808431064991251926309617997598199261642924717625,0,5.0,0.18,0.0,NO,2024-03-04 09:23:17+00:00,SELL,0.18,5.0,0.036,0.964,0.036
0x9ca3d1f4ffe5326cbf338d0e6f3daeecc82b51f6ce6a5c6c4149de72aac00c3f_0x3cb9681af6a910ab689990bd6a275ff3399e883940650a12d3a98d0786ab77c2,0x9ca3d1f4ffe5326cbf338d0e6f3daeecc82b51f6ce6a5c6c4149de72aac00c3f,1709544225,0xaaf4acafbb7980ce93631d238eb10a5c4ca67883,0x57bbe0bfd56314303160f4afdd9948cd5c6ff59e,0,51735590924894170001569823740991899172901949146021448619123146982012128066328,4.79,5.0,0.0,YES,2024-03-04 09:23:45+00:00,BUY,4.79,5.0,0.958,0.958,0.042
0xea9af20a2f7e22fdd312d75067faadbb7e0e7e3f70a013638cc9ae2c9455e1d1_0xdb1aff088a207579497a9d81a600bb2a934fc04ef7b3134a9cf316f168aeddd4,0xea9af20a2f7e22fdd312d75067faadbb7e0e7e3f70a013638cc9ae2c9455e1d1,1709617752,0x8f23aead02f055b69c7f7db51a2d74187bb2c7d0,0xc5d563a36ae78145c45a50134d48a1215220f80a,0,51735590924894170001569823740991899172901949146021448619123146982012128066328,192.8,200.0,0.0,YES,2024-03-05 05:49:12+00:00,BUY,192.8,200.0,0.9640000000000001,0.9640000000000001,0.036
0x263e0417f13de487bbb033bd1dfb247c47e27dd2e4750f19329a6c635020c48e_0xdb1aff088a207579497a9d81a600bb2a934fc04ef7b3134a9cf316f168aeddd4,0x263e0417f13de487bbb033bd1dfb247c47e27dd2e4750f19329a6c635020c48e,1709617986,0x8f23aead02f055b69c7f7db51a2d74187bb2c7d0,0xe25b9180f5687aa85bd94ee309bb72a464320f1b,0,51735590924894170001569823740991899172901949146021448619123146982012128066328,578.4,600.0,0.0,YES,2024-03-05 05:53:06+00:00,BUY,578.4,600.0,0.964,0.964,0.036
0x9c57f37d354eedfaf9ab88da3283eb777d9b23ce30f66147310598d814a5d9df_0x3cb9681af6a910ab689990bd6a275ff3399e883940650a12d3a98d0786ab77c2,0x9c57f37d354eedfaf9ab88da3283eb777d9b23ce30f66147310598d814a5d9df,1709628403,0xaaf4acafbb7980ce93631d238eb10a5c4ca67883,0x285e44ebc774abfbe205ccbf1636979309379ae3,0,51735590924894170001569823740991899172901949146021448619123146982012128066328,10.264285,10.714284,0.0,YES,2024-03-05 08:46:43+00:00,BUY,10.264285,10.714284,0.9580000866133472,0.9580000866133472,0.042
0xf41ded8cd45e8135c854f7e130e7e8891f273e56ec8178930f822dde678a58ce_0x3cb9681af6a910ab689990bd6a275ff3399e883940650a12d3a98d0786ab77c2,0xf41ded8cd45e8135c854f7e130e7e8891f273e56ec8178930f822dde678a58ce,1709635509,0xaaf4acafbb7980ce93631d238eb10a5c4ca67883,0x285e44ebc774abfbe205ccbf1636979309379ae3,0,51735590924894170001569823740991899172901949146021448619123146982012128066328,5.269,5.5,0.0,YES,2024-03-05 10:45:09+00:00,BUY,5.269,5.5,0.9580000000000001,0.9580000000000001,0.042
0x3742ea3a903a5cb5b07e2bd140596fa944a0ba0e06e95137fc5e43b5e7b50b61_0x4369f2e9d2f2a4fa1c56b024f7ea861b96fa6efcace54adbd0d543fdeb397f72,0x3742ea3a903a5cb5b07e2bd140596fa944a0ba0e06e95137fc5e43b5e7b50b61,1709657256,0x57bbe0bfd56314303160f4afdd9948cd5c6ff59e,0xc5d563a36ae78145c45a50134d48a1215220f80a,37677462944074969182752596427808431064991251926309617997598199261642924717625,0,5.0,0.16,0.0,NO,2024-03-05 16:47:36+00:00,SELL,0.16,5.0,0.032,0.968,0.032
0x84cf694f9f33a1e6a0604f51c88db528aebe9fb8e27c2d221c54029243506f04_0x535b33b7b44bd195154aaf0aefd10bf759dd284d66dee8a5867f30a00704b6ff,0x84cf694f9f33a1e6a0604f51c88db528aebe9fb8e27c2d221c54029243506f04,1709680051,0x43372356634781eea88d61bbdd7824cdce958882,0x57bbe0bfd56314303160f4afdd9948cd5c6ff59e,0,51735590924894170001569823740991899172901949146021448619123146982012128066328,4.825,5.0,0.0,YES,2024-03-05 23:07:31+00:00,BUY,4.825,5.0,0.9650000000000001,0.9650000000000001,0.035
0x69b3fcd4d239ae44c9c703a8b72f00402cd6c03a7d0ee92c394aa5fd2039eb85_0x638bdddad890ba4722b9ee8d1d61227891c3f1f5604a3f1ff275b1904276f015,0x69b3fcd4d239ae44c9c703a8b72f00402cd6c03a7d0ee92c394aa5fd2039eb85,1709681436,0x285e44ebc774abfbe205ccbf1636979309379ae3,0xc5d563a36ae78145c45a50134d48a1215220f80a,37677462944074969182752596427808431064991251926309617997598199261642924717625,0,7.67,0.23777,0.0,NO,2024-03-05 23:30:36+00:00,SELL,0.23777,7.67,0.031,0.969,0.031
0x6ccfd07d286f91b7c631ed6b6d1e76c1084244a841a1bf7a218c6d079a4a3838_0x535b33b7b44bd195154aaf0aefd10bf759dd284d66dee8a5867f30a00704b6ff,0x6ccfd07d286f91b7c631ed6b6d1e76c1084244a841a1bf7a218c6d079a4a3838,1709682140,0x43372356634781eea88d61bbdd7824cdce958882,0xe25b9180f5687aa85bd94ee309bb72a464320f1b,0,51735590924894170001569823740991899172901949146021448619123146982012128066328,342.575,355.0,0.0,YES,2024-03-05 23:42:20+00:00,BUY,342.575,355.0,0.965,0.965,0.035
0xb11e696764511515d1270a73317013533b0a89bdecbeb87000f7bda960bb0e00_0x3cb9681af6a910ab689990bd6a275ff3399e883940650a12d3a98d0786ab77c2,0xb11e696764511515d1270a73317013533b0a89bdecbeb87000f7bda960bb0e00,1709684394,0xaaf4acafbb7980ce93631d238eb10a5c4ca67883,0x57bbe0bfd56314303160f4afdd9948cd5c6ff59e,0,51735590924894170001569823740991899172901949146021448619123146982012128066328,4.79,5.0,0.0,YES,2024-03-06 00:19:54+00:00,BUY,4.79,5.0,0.958,0.958,0.042
0x015ed1060c48d1580dd24b18e5efd9f923a945e81d063dea7dde041f9da68d12_0x407e61471559b830d785451d4487fd4e76e534e27458cf294dbfc06058bf5b38,0x015ed1060c48d1580dd24b18e5efd9f923a945e81d063dea7dde041f9da68d12,1709701088,0x43372356634781eea88d61bbdd7824cdce958882,0x285e44ebc774abfbe205ccbf1636979309379ae3,0,51735590924894170001569823740991899172901949146021448619123146982012128066328,9.59,10.0,0.0,YES,2024-03-06 04:58:08+00:00,BUY,9.59,10.0,0.959,0.959,0.041
0x6405552cb94cbfda145583cc2b072cf4dfba3c7679694bfd6d162d12bab794e4_0x407e61471559b830d785451d4487fd4e76e534e27458cf294dbfc06058bf5b38,0x6405552cb94cbfda145583cc2b072cf4dfba3c7679694bfd6d162d12bab794e4,1709701096,0x43372356634781eea88d61bbdd7824cdce958882,0x285e44ebc774abfbe205ccbf1636979309379ae3,0,51735590924894170001569823740991899172901949146021448619123146982012128066328,4.795,5.0,0.0,YES,2024-03-06 04:58:16+00:00,BUY,4.795,5.0,0.959,0.959,0.041
0x33b7e662f980dd19357cd9a999e23ead9e918e24655081c5bc717a51620e5d38_0x407e61471559b830d785451d4487fd4e76e534e27458cf294dbfc06058bf5b38,0x33b7e662f980dd19357cd9a999e23ead9e918e24655081c5bc717a51620e5d38,1709701286,0x43372356634781eea88d61bbdd7824cdce958882,0x285e44ebc774abfbe205ccbf1636979309379ae3,0,51735590924894170001569823740991899172901949146021448619123146982012128066328,5.2745,5.5,0.0,YES,2024-03-06 05:01:26+00:00,BUY,5.2745,5.5,0.959,0.959,0.041
0x919f7e97431206866d91a1e4771818d4ed0f35eeea0b388b4ffb63f02bb243f1_0x407e61471559b830d785451d4487fd4e76e534e27458cf294dbfc06058bf5b38,0x919f7e97431206866d91a1e4771818d4ed0f35eeea0b388b4ffb63f02bb243f1,1709701292,0x43372356634781eea88d61bbdd7824cdce958882,0x285e44ebc774abfbe205ccbf1636979309379ae3,0,51735590924894170001569823740991899172901949146021448619123146982012128066328,9.59,10.0,0.0,YES,2024-03-06 05:01:32+00:00,BUY,9.59,10.0,0.959,0.959,0.041
0xcb62ee890aa02e893e1e3a6f5c7e0e69be05accd86e9d9113553b6805bea012c_0x407e61471559b830d785451d4487fd4e76e534e27458cf294dbfc06058bf5b38,0xcb62ee890aa02e893e1e3a6f5c7e0e69be05accd86e9d9113553b6805bea012c,1709701490,0x43372356634781eea88d61bbdd7824cdce958882,0x285e44ebc774abfbe205ccbf1636979309379ae3,0,51735590924894170001569823740991899172901949146021448619123146982012128066328,4.795,5.0,0.0,YES,2024-03-06 05:04:50+00:00,BUY,4.795,5.0,0.959,0.959,0.041
0xec69d7c01bc922ac6421de02f5e13d6ef628a754a84f58d8083ecc02fe5422da_0x407e61471559b830d785451d4487fd4e76e534e27458cf294dbfc06058bf5b38,0xec69d7c01bc922ac6421de02f5e13d6ef628a754a84f58d8083ecc02fe5422da,1709701558,0x43372356634781eea88d61bbdd7824cdce958882,0x285e44ebc774abfbe205ccbf1636979309379ae3,0,51735590924894170001569823740991899172901949146021448619123146982012128066328,5.754,6.0,0.0,YES,2024-03-06 05:05:58+00:00,BUY,5.754,6.0,0.959,0.959,0.041
0x5df524be7f1f4cb91eb6e848cc9d67d443ff06244c54366c980d8913f417ddff_0x407e61471559b830d785451d4487fd4e76e534e27458cf294dbfc06058bf5b38,0x5df524be7f1f4cb91eb6e848cc9d67d443ff06244c54366c980d8913f417ddff,1709701606,0x43372356634781eea88d61bbdd7824cdce958882,0x285e44ebc774abfbe205ccbf1636979309379ae3,0,51735590924894170001569823740991899172901949146021448619123146982012128066328,5.754,6.0,0.0,YES,2024-03-06 05:06:46+00:00,BUY,5.754,6.0,0.959,0.959,0.041
0xdfddbe4f76ea63e5e4567ff3eee6aaf3d960d7922de7985e8bc7ad2b5d4e9b01_0x407e61471559b830d785451d4487fd4e76e534e27458cf294dbfc06058bf5b38,0xdfddbe4f76ea63e5e4567ff3eee6aaf3d960d7922de7985e8bc7ad2b5d4e9b01,1709701680,0x43372356634781eea88d61bbdd7824cdce958882,0x285e44ebc774abfbe205ccbf1636979309379ae3,0,51735590924894170001569823740991899172901949146021448619123146982012128066328,5.2745,5.5,0.0,YES,2024-03-06 05:08:00+00:00,BUY,5.2745,5.5,0.959,0.959,0.041
0x995af52bfa232469a47b1a570293764113180f653ce2db8a4f76bdcd7fa529a9_0x407e61471559b830d785451d4487fd4e76e534e27458cf294dbfc06058bf5b38,0x995af52bfa232469a47b1a570293764113180f653ce2db8a4f76bdcd7fa529a9,1709701762,0x43372356634781eea88d61bbdd7824cdce958882,0x285e44ebc774abfbe205ccbf1636979309379ae3,0,51735590924894170001569823740991899172901949146021448619123146982012128066328,5.754,6.0,0.0,YES,2024-03-06 05:09:22+00:00,BUY,5.754,6.0,0.959,0.959,0.041
0xee67aecb62070fb4754dcde5ccbc18bf60e47bff81b98e1419c06edd79644392_0x407e61471559b830d785451d4487fd4e76e534e27458cf294dbfc06058bf5b38,0xee67aecb62070fb4754dcde5ccbc18bf60e47bff81b98e1419c06edd79644392,1709701768,0x43372356634781eea88d61bbdd7824cdce958882,0x285e44ebc774abfbe205ccbf1636979309379ae3,0,51735590924894170001569823740991899172901949146021448619123146982012128066328,9.59,10.0,0.0,YES,2024-03-06 05:09:28+00:00,BUY,9.59,10.0,0.959,0.959,0.041
0x1708086889ac4f267aa32b1f6ffa06251846817b4a1fb4b8d36051ccd6873844_0x407e61471559b830d785451d4487fd4e76e534e27458cf294dbfc06058bf5b38,0x1708086889ac4f267aa32b1f6ffa06251846817b4a1fb4b8d36051ccd6873844,1709701788,0x43372356634781eea88d61bbdd7824cdce958882,0x285e44ebc774abfbe205ccbf1636979309379ae3,0,51735590924894170001569823740991899172901949146021448619123146982012128066328,5.754,6.0,0.0,YES,2024-03-06 05:09:48+00:00,BUY,5.754,6.0,0.959,0.959,0.041
0x4052b6d27c7be4c6f3badc43a72a6d16444c097971d7588c9f4120ddd775084d_0x407e61471559b830d785451d4487fd4e76e534e27458cf294dbfc06058bf5b38,0x4052b6d27c7be4c6f3badc43a72a6d16444c097971d7588c9f4120ddd775084d,1709701966,0x43372356634781eea88d61bbdd7824cdce958882,0x285e44ebc774abfbe205ccbf1636979309379ae3,0,51735590924894170001569823740991899172901949146021448619123146982012128066328,5.754,6.0,0.0,YES,2024-03-06 05:12:46+00:00,BUY,5.754,6.0,0.959,0.959,0.041
0x3fb45ad91a1e90ff1f01fdf52ba81914aa71ca3f93a3a41eab4653663a20036e_0x407e61471559b830d785451d4487fd4e76e534e27458cf294dbfc06058bf5b38,0x3fb45ad91a1e90ff1f01fdf52ba81914aa71ca3f93a3a41eab4653663a20036e,1709701976,0x43372356634781eea88d61bbdd7824cdce958882,0x285e44ebc774abfbe205ccbf1636979309379ae3,0,51735590924894170001569823740991899172901949146021448619123146982012128066328,9.59,10.0,0.0,YES,2024-03-06 05:12:56+00:00,BUY,9.59,10.0,0.959,0.959,0.041
0x75305ad57fa46cb613bc867cf5fd66342a8f770bca9fce879a746184d4a30813_0x407e61471559b830d785451d4487fd4e76e534e27458cf294dbfc06058bf5b38,0x75305ad57fa46cb613bc867cf5fd66342a8f770bca9fce879a746184d4a30813,1709702130,0x43372356634781eea88d61bbdd7824cdce958882,0x285e44ebc774abfbe205ccbf1636979309379ae3,0,51735590924894170001569823740991899172901949146021448619123146982012128066328,4.795,5.0,0.0,YES,2024-03-06 05:15:30+00:00,BUY,4.795,5.0,0.959,0.959,0.041
0xb38fe7bee7f0da117f244042b8c4cd13194f26463bd6e31fa2dc660bb478fd31_0x407e61471559b830d785451d4487fd4e76e534e27458cf294dbfc06058bf5b38,0xb38fe7bee7f0da117f244042b8c4cd13194f26463bd6e31fa2dc660bb478fd31,1709702308,0x43372356634781eea88d61bbdd7824cdce958882,0x285e44ebc774abfbe205ccbf1636979309379ae3,0,51735590924894170001569823740991899172901949146021448619123146982012128066328,4.795,5.0,0.0,YES,2024-03-06 05:18:28+00:00,BUY,4.795,5.0,0.959,0.959,0.041
0xc4b1aa0d0c43d80d42289efca9e9b3b28147e06e9c8efedd68a75c93bb9cc736_0x407e61471559b830d785451d4487fd4e76e534e27458cf294dbfc06058bf5b38,0xc4b1aa0d0c43d80d42289efca9e9b3b28147e06e9c8efedd68a75c93bb9cc736,1709702380,0x43372356634781eea88d61bbdd7824cdce958882,0x285e44ebc774abfbe205ccbf1636979309379ae3,0,51735590924894170001569823740991899172901949146021448619123146982012128066328,9.59,10.0,0.0,YES,2024-03-06 05:19:40+00:00,BUY,9.59,10.0,0.959,0.959,0.041
0x92028e3b69610a3b4e374ec2b609716d520e71459196a7cf288525733da4aaf8_0x407e61471559b830d785451d4487fd4e76e534e27458cf294dbfc06058bf5b38,0x92028e3b69610a3b4e374ec2b609716d520e71459196a7cf288525733da4aaf8,1709702578,0x43372356634781eea88d61bbdd7824cdce958882,0x285e44ebc774abfbe205ccbf1636979309379ae3,0,51735590924894170001569823740991899172901949146021448619123146982012128066328,5.2745,5.5,0.0,YES,2024-03-06 05:22:58+00:00,BUY,5.2745,5.5,0.959,0.959,0.041
0x710f2e42fcc81c9735162d8847003ce9af30621906209af32ff33570c703c676_0x407e61471559b830d785451d4487fd4e76e534e27458cf294dbfc06058bf5b38,0x710f2e42fcc81c9735162d8847003ce9af30621906209af32ff33570c703c676,1709702590,0x43372356634781eea88d61bbdd7824cdce958882,0x285e44ebc774abfbe205ccbf1636979309379ae3,0,51735590924894170001569823740991899172901949146021448619123146982012128066328,5.2745,5.5,0.0,YES,2024-03-06 05:23:10+00:00,BUY,5.2745,5.5,0.959,0.959,0.041
0xe2d572a39849cd3e7410af8cca73093121b3098ce4510054472d1187a6840a94_0x407e61471559b830d785451d4487fd4e76e534e27458cf294dbfc06058bf5b38,0xe2d572a39849cd3e7410af8cca73093121b3098ce4510054472d1187a6840a94,1709702782,0x43372356634781eea88d61bbdd7824cdce958882,0x285e44ebc774abfbe205ccbf1636979309379ae3,0,51735590924894170001569823740991899172901949146021448619123146982012128066328,5.754,6.0,0.0,YES,2024-03-06 05:26:22+00:00,BUY,5.754,6.0,0.959,0.959,0.041
0xa574809f51797c46d16699599faf32cce325107463aea8a793514911e1139c03_0x407e61471559b830d785451d4487fd4e76e534e27458cf294dbfc06058bf5b38,0xa574809f51797c46d16699599faf32cce325107463aea8a793514911e1139c03,1709702792,0x43372356634781eea88d61bbdd7824cdce958882,0x285e44ebc774abfbe205ccbf1636979309379ae3,0,51735590924894170001569823740991899172901949146021448619123146982012128066328,6.2335,6.5,0.0,YES,2024-03-06 05:26:32+00:00,BUY,6.2335,6.5,0.9590000000000001,0.9590000000000001,0.041
0x9ddc2cdd9f6938a61b566b8ac9c2033b5b1012e0521e40989cb7430e2d9ae901_0x407e61471559b830d785451d4487fd4e76e534e27458cf294dbfc06058bf5b38,0x9ddc2cdd9f6938a61b566b8ac9c2033b5b1012e0521e40989cb7430e2d9ae901,1709702988,0x43372356634781eea88d61bbdd7824cdce958882,0x285e44ebc774abfbe205ccbf1636979309379ae3,0,51735590924894170001569823740991899172901949146021448619123146982012128066328,5.2745,5.5,0.0,YES,2024-03-06 05:29:48+00:00,BUY,5.2745,5.5,0.959,0.959,0.041
0x3b34aa6add66031fe8bdd541c4c5fade34731769a62a177ce35b29251a2a5a2b_0x407e61471559b830d785451d4487fd4e76e534e27458cf294dbfc06058bf5b38,0x3b34aa6add66031fe8bdd541c4c5fade34731769a62a177ce35b29251a2a5a2b,1709702992,0x43372356634781eea88d61bbdd7824cdce958882,0x285e44ebc774abfbe205ccbf1636979309379ae3,0,51735590924894170001569823740991899172901949146021448619123146982012128066328,9.59,10.0,0.0,YES,2024-03-06 05:29:52+00:00,BUY,9.59,10.0,0.959,0.959,0.041
0x125792f377f6022de766a43a2d3c1d23f2fbd266361338e33779192fae950c4f_0x407e61471559b830d785451d4487fd4e76e534e27458cf294dbfc06058bf5b38,0x125792f377f6022de766a43a2d3c1d23f2fbd266361338e33779192fae950c4f,1709703066,0x43372356634781eea88d61bbdd7824cdce958882,0x285e44ebc774abfbe205ccbf1636979309379ae3,0,51735590924894170001569823740991899172901949146021448619123146982012128066328,8.631,9.0,0.0,YES,2024-03-06 05:31:06+00:00,BUY,8.631,9.0,0.9590000000000001,0.9590000000000001,0.041
0x4f3b2cccb58f96e678d8241176de959102f4734acb478e311d6002b74384205e_0x407e61471559b830d785451d4487fd4e76e534e27458cf294dbfc06058bf5b38,0x4f3b2cccb58f96e678d8241176de959102f4734acb478e311d6002b74384205e,1709703190,0x43372356634781eea88d61bbdd7824cdce958882,0x285e44ebc774abfbe205ccbf1636979309379ae3,0,51735590924894170001569823740991899172901949146021448619123146982012128066328,9.59,10.0,0.0,YES,2024-03-06 05:33:10+00:00,BUY,9.59,10.0,0.959,0.959,0.041
0xa9318b29819a2f7416f9fb2f642c419b6957cb5794157798f2390aab58cf9ade_0x407e61471559b830d785451d4487fd4e76e534e27458cf294dbfc06058bf5b38,0xa9318b29819a2f7416f9fb2f642c419b6957cb5794157798f2390aab58cf9ade,1709703258,0x43372356634781eea88d61bbdd7824cdce958882,0x285e44ebc774abfbe205ccbf1636979309379ae3,0,51735590924894170001569823740991899172901949146021448619123146982012128066328,7.672,8.0,0.0,YES,2024-03-06 05:34:18+00:00,BUY,7.672,8.0,0.959,0.959,0.041
0x4cdf52ff357f56ea73223620d049d47fc72822144d5c8e7f718e9daf00c59a75_0x407e61471559b830d785451d4487fd4e76e534e27458cf294dbfc06058bf5b38,0x4cdf52ff357f56ea73223620d049d47fc72822144d5c8e7f718e9daf00c59a75,1709703394,0x43372356634781eea88d61bbdd7824cdce958882,0x285e44ebc774abfbe205ccbf1636979309379ae3,0,51735590924894170001569823740991899172901949146021448619123146982012128066328,4.795,5.0,0.0,YES,2024-03-06 05:36:34+00:00,BUY,4.795,5.0,0.959,0.959,0.041
0x731b0424af0b3ce53d97410f1b0cff594af0a5dacb7563aaed35240fb3816a97_0x407e61471559b830d785451d4487fd4e76e534e27458cf294dbfc06058bf5b38,0x731b0424af0b3ce53d97410f1b0cff594af0a5dacb7563aaed35240fb3816a97,1709703462,0x43372356634781eea88d61bbdd7824cdce958882,0x285e44ebc774abfbe205ccbf1636979309379ae3,0,51735590924894170001569823740991899172901949146021448619123146982012128066328,5.2745,5.5,0.0,YES,2024-03-06 05:37:42+00:00,BUY,5.2745,5.5,0.959,0.959,0.041
0x6bc9d7e44cd52f4b5dda6ca318aa3c30de112fc4f40c8588d26546ac3ab6284c_0x407e61471559b830d785451d4487fd4e76e534e27458cf294dbfc06058bf5b38,0x6bc9d7e44cd52f4b5dda6ca318aa3c30de112fc4f40c8588d26546ac3ab6284c,1709703466,0x43372356634781eea88d61bbdd7824cdce958882,0x285e44ebc774abfbe205ccbf1636979309379ae3,0,51735590924894170001569823740991899172901949146021448619123146982012128066328,5.2745,5.5,0.0,YES,2024-03-06 05:37:46+00:00,BUY,5.2745,5.5,0.959,0.959,0.041
0x248d59957f2441b91117db7deed49ed3b91603c6d5309abfbb447414c6ca5d1e_0x407e61471559b830d785451d4487fd4e76e534e27458cf294dbfc06058bf5b38,0x248d59957f2441b91117db7deed49ed3b91603c6d5309abfbb447414c6ca5d1e,1709703502,0x43372356634781eea88d61bbdd7824cdce958882,0x285e44ebc774abfbe205ccbf1636979309379ae3,0,51735590924894170001569823740991899172901949146021448619123146982012128066328,6.2335,6.5,0.0,YES,2024-03-06 05:38:22+00:00,BUY,6.2335,6.5,0.9590000000000001,0.9590000000000001,0.041
0xc729be1f2c6690aa828b7a510732bd2f01bf2282e1c60226e3a0e3f816c8f89c_0x407e61471559b830d785451d4487fd4e76e534e27458cf294dbfc06058bf5b38,0xc729be1f2c6690aa828b7a510732bd2f01bf2282e1c60226e3a0e3f816c8f89c,1709703600,0x43372356634781eea88d61bbdd7824cdce958882,0x285e44ebc774abfbe205ccbf1636979309379ae3,0,51735590924894170001569823740991899172901949146021448619123146982012128066328,7.1925,7.5,0.0,YES,2024-03-06 05:40:00+00:00,BUY,7.1925,7.5,0.959,0.959,0.041
0xe59434e736de2891e52bbefb1876ffb7a6edfa295f468d9e69b0c90962bc8fcc_0x407e61471559b830d785451d4487fd4e76e534e27458cf294dbfc06058bf5b38,0xe59434e736de2891e52bbefb1876ffb7a6edfa295f468d9e69b0c90962bc8fcc,1709703602,0x43372356634781eea88d61bbdd7824cdce958882,0x285e44ebc774abfbe205ccbf1636979309379ae3,0,51735590924894170001569823740991899172901949146021448619123146982012128066328,5.754,6.0,0.0,YES,2024-03-06 05:40:02+00:00,BUY,5.754,6.0,0.959,0.959,0.041
0xfa532fb760ca63ce132eb0e8a10c22f042d0d74b7506209b6e8d847f7d07dc9b_0x407e61471559b830d785451d4487fd4e76e534e27458cf294dbfc06058bf5b38,0xfa532fb760ca63ce132eb0e8a10c22f042d0d74b7506209b6e8d847f7d07dc9b,1709703670,0x43372356634781eea88d61bbdd7824cdce958882,0x285e44ebc774abfbe205ccbf1636979309379ae3,0,51735590924894170001569823740991899172901949146021448619123146982012128066328,9.59,10.0,0.0,YES,2024-03-06 05:41:10+00:00,BUY,9.59,10.0,0.959,0.959,0.041
0x851b1cc258e3505492eaf71b788a2a7c029198d1758c4d005560ed9d80a46634_0x407e61471559b830d785451d4487fd4e76e534e27458cf294dbfc06058bf5b38,0x851b1cc258e3505492eaf71b788a2a7c029198d1758c4d005560ed9d80a46634,1709703804,0x43372356634781eea88d61bbdd7824cdce958882,0x285e44ebc774abfbe205ccbf1636979309379ae3,0,51735590924894170001569823740991899172901949146021448619123146982012128066328,5.2745,5.5,0.0,YES,2024-03-06 05:43:24+00:00,BUY,5.2745,5.5,0.959,0.959,0.041
0x8af55cf749c90e6458b3c89fec9adb61ca89b48bab4e32f3d957b7cc12b7ae93_0x407e61471559b830d785451d4487fd4e76e534e27458cf294dbfc06058bf5b38,0x8af55cf749c90e6458b3c89fec9adb61ca89b48bab4e32f3d957b7cc12b7ae93,1709703870,0x43372356634781eea88d61bbdd7824cdce958882,0x285e44ebc774abfbe205ccbf1636979309379ae3,0,51735590924894170001569823740991899172901949146021448619123146982012128066328,5.754,6.0,0.0,YES,2024-03-06 05:44:30+00:00,BUY,5.754,6.0,0.959,0.959,0.041
0x5edd4b6227026968062c7fa1ecac7cb71da1af6381c87c85e65e11bcd44ddec7_0x407e61471559b830d785451d4487fd4e76e534e27458cf294dbfc06058bf5b38,0x5edd4b6227026968062c7fa1ecac7cb71da1af6381c87c85e65e11bcd44ddec7,1709704006,0x43372356634781eea88d61bbdd7824cdce958882,0x285e44ebc774abfbe205ccbf1636979309379ae3,0,51735590924894170001569823740991899172901949146021448619123146982012128066328,4.795,5.0,0.0,YES,2024-03-06 05:46:46+00:00,BUY,4.795,5.0,0.959,0.959,0.041
0x2af64a3db5533b01523657e3e8cc5783858508a08fdd7d65df215de74ec1a06a_0x407e61471559b830d785451d4487fd4e76e534e27458cf294dbfc06058bf5b38,0x2af64a3db5533b01523657e3e8cc5783858508a08fdd7d65df215de74ec1a06a,1709704074,0x43372356634781eea88d61bbdd7824cdce958882,0x285e44ebc774abfbe205ccbf1636979309379ae3,0,51735590924894170001569823740991899172901949146021448619123146982012128066328,5.754,6.0,0.0,YES,2024-03-06 05:47:54+00:00,BUY,5.754,6.0,0.959,0.959,0.041
0x4722bd15abe49817a44c6551c766698fe02cda541603c93ea3286a255bb4f54c_0x407e61471559b830d785451d4487fd4e76e534e27458cf294dbfc06058bf5b38,0x4722bd15abe49817a44c6551c766698fe02cda541603c93ea3286a255bb4f54c,1709704130,0x43372356634781eea88d61bbdd7824cdce958882,0x285e44ebc774abfbe205ccbf1636979309379ae3,0,51735590924894170001569823740991899172901949146021448619123146982012128066328,5.754,6.0,0.0,YES,2024-03-06 05:48:50+00:00,BUY,5.754,6.0,0.959,0.959,0.041
0x47b5f9eff3c3168e313177eee48dc94c3d762a8f2c6f069cba5154a2075167f7_0x407e61471559b830d785451d4487fd4e76e534e27458cf294dbfc06058bf5b38,0x47b5f9eff3c3168e313177eee48dc94c3d762a8f2c6f069cba5154a2075167f7,1709704276,0x43372356634781eea88d61bbdd7824cdce958882,0x285e44ebc774abfbe205ccbf1636979309379ae3,0,51735590924894170001569823740991899172901949146021448619123146982012128066328,6.2335,6.5,0.0,YES,2024-03-06 05:51:16+00:00,BUY,6.2335,6.5,0.9590000000000001,0.9590000000000001,0.041
0xc1a2bb47683e04f866b0ee64da34c09a005d8e38d0541486c9765066c453bf49_0x407e61471559b830d785451d4487fd4e76e534e27458cf294dbfc06058bf5b38,0xc1a2bb47683e04f866b0ee64da34c09a005d8e38d0541486c9765066c453bf49,1709704282,0x43372356634781eea88d61bbdd7824cdce958882,0x285e44ebc774abfbe205ccbf1636979309379ae3,0,51735590924894170001569823740991899172901949146021448619123146982012128066328,9.59,10.0,0.0,YES,2024-03-06 05:51:22+00:00,BUY,9.59,10.0,0.959,0.959,0.041
0x388f93836c7c2a14bf697b3001b46b8da3a38159e201e27f9231b5d67e407430_0x407e61471559b830d785451d4487fd4e76e534e27458cf294dbfc06058bf5b38,0x388f93836c7c2a14bf697b3001b46b8da3a38159e201e27f9231b5d67e407430,1709704286,0x43372356634781eea88d61bbdd7824cdce958882,0x285e44ebc774abfbe205ccbf1636979309379ae3,0,51735590924894170001569823740991899172901949146021448619123146982012128066328,4.795,5.0,0.0,YES,2024-03-06 05:51:26+00:00,BUY,4.795,5.0,0.959,0.959,0.041
0x17db744d4636e945db17d630b452de030bffea764fd093e74021356d201f746c_0x407e61471559b830d785451d4487fd4e76e534e27458cf294dbfc06058bf5b38,0x17db744d4636e945db17d630b452de030bffea764fd093e74021356d201f746c,1709704480,0x43372356634781eea88d61bbdd7824cdce958882,0x285e44ebc774abfbe205ccbf1636979309379ae3,0,51735590924894170001569823740991899172901949146021448619123146982012128066328,6.2335,6.5,0.0,YES,2024-03-06 05:54:40+00:00,BUY,6.2335,6.5,0.9590000000000001,0.9590000000000001,0.041
0x2565689e6ea7ae354d4158087eb4d39cb38141e4c0323dad46e0e7109270c713_0x407e61471559b830d785451d4487fd4e76e534e27458cf294dbfc06058bf5b38,0x2565689e6ea7ae354d4158087eb4d39cb38141e4c0323dad46e0e7109270c713,1709704486,0x43372356634781eea88d61bbdd7824cdce958882,0x285e44ebc774abfbe205ccbf1636979309379ae3,0,51735590924894170001569823740991899172901949146021448619123146982012128066328,9.59,10.0,0.0,YES,2024-03-06 05:54:46+00:00,BUY,9.59,10.0,0.959,0.959,0.041
0xc09d42cf38945d50db576e702d71ab35cd18c6eee245a350688949107cbf4087_0x407e61471559b830d785451d4487fd4e76e534e27458cf294dbfc06058bf5b38,0xc09d42cf38945d50db576e702d71ab35cd18c6eee245a350688949107cbf4087,1709704508,0x43372356634781eea88d61bbdd7824cdce958882,0x285e44ebc774abfbe205ccbf1636979309379ae3,0,51735590924894170001569823740991899172901949146021448619123146982012128066328,4.795,5.0,0.0,YES,2024-03-06 05:55:08+00:00,BUY,4.795,5.0,0.959,0.959,0.041
0x8dc4f7c304bddc1a09855fb7fe3638aac1d2bebaaa6c2f2fb43cc0740e0016cf_0x407e61471559b830d785451d4487fd4e76e534e27458cf294dbfc06058bf5b38,0x8dc4f7c304bddc1a09855fb7fe3638aac1d2bebaaa6c2f2fb43cc0740e0016cf,1709704688,0x43372356634781eea88d61bbdd7824cdce958882,0x285e44ebc774abfbe205ccbf1636979309379ae3,0,51735590924894170001569823740991899172901949146021448619123146982012128066328,6.2335,6.5,0.0,YES,2024-03-06 05:58:08+00:00,BUY,6.2335,6.5,0.9590000000000001,0.9590000000000001,0.041
0x718f769e9a5f690985dc49187a0c2ebc4db40a4c5b168c111cce50773b0d3f55_0x407e61471559b830d785451d4487fd4e76e534e27458cf294dbfc06058bf5b38,0x718f769e9a5f690985dc49187a0c2ebc4db40a4c5b168c111cce50773b0d3f55,1709704690,0x43372356634781eea88d61bbdd7824cdce958882,0x285e44ebc774abfbe205ccbf1636979309379ae3,0,51735590924894170001569823740991899172901949146021448619123146982012128066328,9.59,10.0,0.0,YES,2024-03-06 05:58:10+00:00,BUY,9.59,10.0,0.959,0.959,0.041
0xcb101064597001acff2d42dd784e3469ef5a5bcb049a7f06ad4958ec35463630_0x407e61471559b830d785451d4487fd4e76e534e27458cf294dbfc06058bf5b38,0xcb101064597001acff2d42dd784e3469ef5a5bcb049a7f06ad4958ec35463630,1709704696,0x43372356634781eea88d61bbdd7824cdce958882,0x285e44ebc774abfbe205ccbf1636979309379ae3,0,51735590924894170001569823740991899172901949146021448619123146982012128066328,5.754,6.0,0.0,YES,2024-03-06 05:58:16+00:00,BUY,5.754,6.0,0.959,0.959,0.041
0x2d147afc723d712ff39a593ab7e4c73c1cd8761bcb3d7cc751b8bc2ff4dd7e82_0x407e61471559b830d785451d4487fd4e76e534e27458cf294dbfc06058bf5b38,0x2d147afc723d712ff39a593ab7e4c73c1cd8761bcb3d7cc751b8bc2ff4dd7e82,1709704892,0x43372356634781eea88d61bbdd7824cdce958882,0x285e44ebc774abfbe205ccbf1636979309379ae3,0,51735590924894170001569823740991899172901949146021448619123146982012128066328,5.2745,5.5,0.0,YES,2024-03-06 06:01:32+00:00,BUY,5.2745,5.5,0.959,0.959,0.041
0x20017e17045192f6d574fd56f546ef7d2e56178fa6a75bd60edc42045f66efb3_0x407e61471559b830d785451d4487fd4e76e534e27458cf294dbfc06058bf5b38,0x20017e17045192f6d574fd56f546ef7d2e56178fa6a75bd60edc42045f66efb3,1709704902,0x43372356634781eea88d61bbdd7824cdce958882,0x285e44ebc774abfbe205ccbf1636979309379ae3,0,51735590924894170001569823740991899172901949146021448619123146982012128066328,6.713,7.0,0.0,YES,2024-03-06 06:01:42+00:00,BUY,6.713,7.0,0.959,0.959,0.041
0x6469f3738e259fc7e8b0eea6aeadf6926cfffbded43ebcfe7ccc942a694fca4b_0x407e61471559b830d785451d4487fd4e76e534e27458cf294dbfc06058bf5b38,0x6469f3738e259fc7e8b0eea6aeadf6926cfffbded43ebcfe7ccc942a694fca4b,1709705096,0x43372356634781eea88d61bbdd7824cdce958882,0x285e44ebc774abfbe205ccbf1636979309379ae3,0,51735590924894170001569823740991899172901949146021448619123146982012128066328,8.631,9.0,0.0,YES,2024-03-06 06:04:56+00:00,BUY,8.631,9.0,0.9590000000000001,0.9590000000000001,0.041
0x0581baf8f16baedf743bfa5b96689c9b07c9e8d3d799e0513cda07ac6ffce13a_0x407e61471559b830d785451d4487fd4e76e534e27458cf294dbfc06058bf5b38,0x0581baf8f16baedf743bfa5b96689c9b07c9e8d3d799e0513cda07ac6ffce13a,1709705106,0x43372356634781eea88d61bbdd7824cdce958882,0x285e44ebc774abfbe205ccbf1636979309379ae3,0,51735590924894170001569823740991899172901949146021448619123146982012128066328,5.2745,5.5,0.0,YES,2024-03-06 06:05:06+00:00,BUY,5.2745,5.5,0.959,0.959,0.041
0x03f1551a96dc2b66a9aebe90d2c3c6ee1dd2e215fd571e774b027bd2fb6a582b_0x407e61471559b830d785451d4487fd4e76e534e27458cf294dbfc06058bf5b38,0x03f1551a96dc2b66a9aebe90d2c3c6ee1dd2e215fd571e774b027bd2fb6a582b,1709705300,0x43372356634781eea88d61bbdd7824cdce958882,0x285e44ebc774abfbe205ccbf1636979309379ae3,0,51735590924894170001569823740991899172901949146021448619123146982012128066328,5.754,6.0,0.0,YES,2024-03-06 06:08:20+00:00,BUY,5.754,6.0,0.959,0.959,0.041
0x5b3c3055f35176e12c7f17942e1e298f49e912c7d1ec36f4661c9f5dfe24bddd_0x3cb9681af6a910ab689990bd6a275ff3399e883940650a12d3a98d0786ab77c2,0x5b3c3055f35176e12c7f17942e1e298f49e912c7d1ec36f4661c9f5dfe24bddd,1709705312,0xaaf4acafbb7980ce93631d238eb10a5c4ca67883,0x285e44ebc774abfbe205ccbf1636979309379ae3,0,51735590924894170001569823740991899172901949146021448619123146982012128066328,5.269,5.5,0.0,YES,2024-03-06 06:08:32+00:00,BUY,5.269,5.5,0.9580000000000001,0.9580000000000001,0.042
0xcb5534ffbead023e7a55f06789656e42b5aca76c40556d9f31173c9de78e5a09_0x3cb9681af6a910ab689990bd6a275ff3399e883940650a12d3a98d0786ab77c2,0xcb5534ffbead023e7a55f06789656e42b5aca76c40556d9f31173c9de78e5a09,1709705502,0xaaf4acafbb7980ce93631d238eb10a5c4ca67883,0x285e44ebc774abfbe205ccbf1636979309379ae3,0,51735590924894170001569823740991899172901949146021448619123146982012128066328,5.269,5.5,0.0,YES,2024-03-06 06:11:42+00:00,BUY,5.269,5.5,0.9580000000000001,0.9580000000000001,0.042
0xc060ff6a03c3b51de7ebae031b3ff168160fba16b13f1637e5b3dcae6370f713_0x3cb9681af6a910ab689990bd6a275ff3399e883940650a12d3a98d0786ab77c2,0xc060ff6a03c3b51de7ebae031b3ff168160fba16b13f1637e5b3dcae6370f713,1709705514,0xaaf4acafbb7980ce93631d238eb10a5c4ca67883,0x285e44ebc774abfbe205ccbf1636979309379ae3,0,51735590924894170001569823740991899172901949146021448619123146982012128066328,6.227,6.5,0.0,YES,2024-03-06 06:11:54+00:00,BUY,6.227,6.5,0.9580000000000001,0.9580000000000001,0.042
0xa5bfe06933b76f60215bf0227817a6f3c0f3910ce3b7b74c2762a7a3c27445ed_0x3cb9681af6a910ab689990bd6a275ff3399e883940650a12d3a98d0786ab77c2,0xa5bfe06933b76f60215bf0227817a6f3c0f3910ce3b7b74c2762a7a3c27445ed,1709705710,0xaaf4acafbb7980ce93631d238eb10a5c4ca67883,0x285e44ebc774abfbe205ccbf1636979309379ae3,0,51735590924894170001569823740991899172901949146021448619123146982012128066328,5.748,6.0,0.0,YES,2024-03-06 06:15:10+00:00,BUY,5.748,6.0,0.9580000000000001,0.9580000000000001,0.042
0xdd26f9e09aa636e338aef4d899f436a093289cfdc71e1c8938292c764c67c9a3_0x3cb9681af6a910ab689990bd6a275ff3399e883940650a12d3a98d0786ab77c2,0xdd26f9e09aa636e338aef4d899f436a093289cfdc71e1c8938292c764c67c9a3,1709705716,0xaaf4acafbb7980ce93631d238eb10a5c4ca67883,0x285e44ebc774abfbe205ccbf1636979309379ae3,0,51735590924894170001569823740991899172901949146021448619123146982012128066328,9.58,10.0,0.0,YES,2024-03-06 06:15:16+00:00,BUY,9.58,10.0,0.958,0.958,0.042
0xfa8b73523ec12510b4c72800c3c64bfcd940ab52e13835b3407ba85f347e7f66_0x3cb9681af6a910ab689990bd6a275ff3399e883940650a12d3a98d0786ab77c2,0xfa8b73523ec12510b4c72800c3c64bfcd940ab52e13835b3407ba85f347e7f66,1709705912,0xaaf4acafbb7980ce93631d238eb10a5c4ca67883,0x285e44ebc774abfbe205ccbf1636979309379ae3,0,51735590924894170001569823740991899172901949146021448619123146982012128066328,5.748,6.0,0.0,YES,2024-03-06 06:18:32+00:00,BUY,5.748,6.0,0.9580000000000001,0.9580000000000001,0.042
0xb239f3b25bc54909125c5b454626a04b159a96bdbe4ec1d675c737ca04f713f1_0x3cb9681af6a910ab689990bd6a275ff3399e883940650a12d3a98d0786ab77c2,0xb239f3b25bc54909125c5b454626a04b159a96bdbe4ec1d675c737ca04f713f1,1709705920,0xaaf4acafbb7980ce93631d238eb10a5c4ca67883,0x285e44ebc774abfbe205ccbf1636979309379ae3,0,51735590924894170001569823740991899172901949146021448619123146982012128066328,9.58,10.0,0.0,YES,2024-03-06 06:18:40+00:00,BUY,9.58,10.0,0.958,0.958,0.042
0x2b8cbe5541f2331485c2661967c9197c85d4efbec5d4b42f671e004b2b23acb6_0x3cb9681af6a910ab689990bd6a275ff3399e883940650a12d3a98d0786ab77c2,0x2b8cbe5541f2331485c2661967c9197c85d4efbec5d4b42f671e004b2b23acb6,1709705948,0xaaf4acafbb7980ce93631d238eb10a5c4ca67883,0x285e44ebc774abfbe205ccbf1636979309379ae3,0,51735590924894170001569823740991899172901949146021448619123146982012128066328,6.706,7.0,0.0,YES,2024-03-06 06:19:08+00:00,BUY,6.706,7.0,0.9580000000000001,0.9580000000000001,0.042
0xade9d3af04295067eaa24a00aceb9d3dd5caf22d62062267fca52b042bbe2f11_0x3cb9681af6a910ab689990bd6a275ff3399e883940650a12d3a98d0786ab77c2,0xade9d3af04295067eaa24a00aceb9d3dd5caf22d62062267fca52b042bbe2f11,1709706120,0xaaf4acafbb7980ce93631d238eb10a5c4ca67883,0x285e44ebc774abfbe205ccbf1636979309379ae3,0,51735590924894170001569823740991899172901949146021448619123146982012128066328,9.58,10.0,0.0,YES,2024-03-06 06:22:00+00:00,BUY,9.58,10.0,0.958,0.958,0.042
0xb298f9f8a30b8e501b64ca01a279de79a6309f280f393f57ec24c0985e48ab8f_0x3cb9681af6a910ab689990bd6a275ff3399e883940650a12d3a98d0786ab77c2,0xb298f9f8a30b8e501b64ca01a279de79a6309f280f393f57ec24c0985e48ab8f,1709706252,0xaaf4acafbb7980ce93631d238eb10a5c4ca67883,0x285e44ebc774abfbe205ccbf1636979309379ae3,0,51735590924894170001569823740991899172901949146021448619123146982012128066328,7.664,8.0,0.0,YES,2024-03-06 06:24:12+00:00,BUY,7.664,8.0,0.958,0.958,0.042
0x05cef709797243546cbad9d5360cbb2e776693ba6d38d06ae89ac697997e5e95_0x3cb9681af6a910ab689990bd6a275ff3399e883940650a12d3a98d0786ab77c2,0x05cef709797243546cbad9d5360cbb2e776693ba6d38d06ae89ac697997e5e95,1709706318,0xaaf4acafbb7980ce93631d238eb10a5c4ca67883,0x285e44ebc774abfbe205ccbf1636979309379ae3,0,51735590924894170001569823740991899172901949146021448619123146982012128066328,5.748,6.0,0.0,YES,2024-03-06 06:25:18+00:00,BUY,5.748,6.0,0.9580000000000001,0.9580000000000001,0.042
0xd3f876ed0ea5525a0092af914c7d3982142d5b9a68fc721a0ac1e3e2c95cc23c_0x3cb9681af6a910ab689990bd6a275ff3399e883940650a12d3a98d0786ab77c2,0xd3f876ed0ea5525a0092af914c7d3982142d5b9a68fc721a0ac1e3e2c95cc23c,1709706456,0xaaf4acafbb7980ce93631d238eb10a5c4ca67883,0x285e44ebc774abfbe205ccbf1636979309379ae3,0,51735590924894170001569823740991899172901949146021448619123146982012128066328,6.706,7.0,0.0,YES,2024-03-06 06:27:36+00:00,BUY,6.706,7.0,0.9580000000000001,0.9580000000000001,0.042
0xe9d01de2401b988d5b86649e233263ac06299e2d46b8b590817d4fde1e75ab18_0x3cb9681af6a910ab689990bd6a275ff3399e883940650a12d3a98d0786ab77c2,0xe9d01de2401b988d5b86649e233263ac06299e2d46b8b590817d4fde1e75ab18,1709706522,0xaaf4acafbb7980ce93631d238eb10a5c4ca67883,0x285e44ebc774abfbe205ccbf1636979309379ae3,0,51735590924894170001569823740991899172901949146021448619123146982012128066328,6.706,7.0,0.0,YES,2024-03-06 06:28:42+00:00,BUY,6.706,7.0,0.9580000000000001,0.9580000000000001,0.042
0x76e4cb0e2b8e490f8bc6d8a4603c7523835ee37d497c317ee5f4dfc5d0512956_0x3cb9681af6a910ab689990bd6a275ff3399e883940650a12d3a98d0786ab77c2,0x76e4cb0e2b8e490f8bc6d8a4603c7523835ee37d497c317ee5f4dfc5d0512956,1709706528,0xaaf4acafbb7980ce93631d238eb10a5c4ca67883,0x285e44ebc774abfbe205ccbf1636979309379ae3,0,51735590924894170001569823740991899172901949146021448619123146982012128066328,5.269,5.5,0.0,YES,2024-03-06 06:28:48+00:00,BUY,5.269,5.5,0.9580000000000001,0.9580000000000001,0.042
0xc9472f2314d2e9f4d619554e0ba07380d3572e4e662513c2575cfded06565465_0x3cb9681af6a910ab689990bd6a275ff3399e883940650a12d3a98d0786ab77c2,0xc9472f2314d2e9f4d619554e0ba07380d3572e4e662513c2575cfded06565465,1709706546,0xaaf4acafbb7980ce93631d238eb10a5c4ca67883,0x285e44ebc774abfbe205ccbf1636979309379ae3,0,51735590924894170001569823740991899172901949146021448619123146982012128066328,6.227,6.5,0.0,YES,2024-03-06 06:29:06+00:00,BUY,6.227,6.5,0.9580000000000001,0.9580000000000001,0.042
0x95a6125fd11e857ad1865b9c035366c6c34ddd0c8a8dfbd4f7f6591dcb71b8ed_0x3cb9681af6a910ab689990bd6a275ff3399e883940650a12d3a98d0786ab77c2,0x95a6125fd11e857ad1865b9c035366c6c34ddd0c8a8dfbd4f7f6591dcb71b8ed,1709706726,0xaaf4acafbb7980ce93631d238eb10a5c4ca67883,0x285e44ebc774abfbe205ccbf1636979309379ae3,0,51735590924894170001569823740991899172901949146021448619123146982012128066328,5.269,5.5,0.0,YES,2024-03-06 06:32:06+00:00,BUY,5.269,5.5,0.9580000000000001,0.9580000000000001,0.042
0xecfd35aa374b528991cd06d2ed3520e86804603c9ddc1397a8c612e2bcda85bd_0x3cb9681af6a910ab689990bd6a275ff3399e883940650a12d3a98d0786ab77c2,0xecfd35aa374b528991cd06d2ed3520e86804603c9ddc1397a8c612e2bcda85bd,1709706732,0xaaf4acafbb7980ce93631d238eb10a5c4ca67883,0x285e44ebc774abfbe205ccbf1636979309379ae3,0,51735590924894170001569823740991899172901949146021448619123146982012128066328,5.748,6.0,0.0,YES,2024-03-06 06:32:12+00:00,BUY,5.748,6.0,0.9580000000000001,0.9580000000000001,0.042
0x925ea7d6d9501cb15c52a91d5ada3a82e8c3fdb270ba748ccf0fa84ad018b404_0x3cb9681af6a910ab689990bd6a275ff3399e883940650a12d3a98d0786ab77c2,0x925ea7d6d9501cb15c52a91d5ada3a82e8c3fdb270ba748ccf0fa84ad018b404,1709706804,0xaaf4acafbb7980ce93631d238eb10a5c4ca67883,0x285e44ebc774abfbe205ccbf1636979309379ae3,0,51735590924894170001569823740991899172901949146021448619123146982012128066328,9.58,10.0,0.0,YES,2024-03-06 06:33:24+00:00,BUY,9.58,10.0,0.958,0.958,0.042
0x1f08e2fa75bf9d3712b0742270b50c9aabdbb9183c17998b4e5b7020fb9d7f5e_0x3cb9681af6a910ab689990bd6a275ff3399e883940650a12d3a98d0786ab77c2,0x1f08e2fa75bf9d3712b0742270b50c9aabdbb9183c17998b4e5b7020fb9d7f5e,1709706808,0xaaf4acafbb7980ce93631d238eb10a5c4ca67883,0x285e44ebc774abfbe205ccbf1636979309379ae3,0,51735590924894170001569823740991899172901949146021448619123146982012128066328,5.748,6.0,0.0,YES,2024-03-06 06:33:28+00:00,BUY,5.748,6.0,0.9580000000000001,0.9580000000000001,0.042
0x167bac47caebe71a5d06cbef5b12841833ab00a9b367f12700627d99864d3c51_0x3cb9681af6a910ab689990bd6a275ff3399e883940650a12d3a98d0786ab77c2,0x167bac47caebe71a5d06cbef5b12841833ab00a9b367f12700627d99864d3c51,1709707001,0xaaf4acafbb7980ce93631d238eb10a5c4ca67883,0x285e44ebc774abfbe205ccbf1636979309379ae3,0,51735590924894170001569823740991899172901949146021448619123146982012128066328,7.664,8.0,0.0,YES,2024-03-06 06:36:41+00:00,BUY,7.664,8.0,0.958,0.958,0.042
0xb7f43ab7159f4f917b2a30ca3d80b8e80184c7f837dfda088301843e1ce50d3d_0x3cb9681af6a910ab689990bd6a275ff3399e883940650a12d3a98d0786ab77c2,0xb7f43ab7159f4f917b2a30ca3d80b8e80184c7f837dfda088301843e1ce50d3d,1709707005,0xaaf4acafbb7980ce93631d238eb10a5c4ca67883,0x285e44ebc774abfbe205ccbf1636979309379ae3,0,51735590924894170001569823740991899172901949146021448619123146982012128066328,5.748,6.0,0.0,YES,2024-03-06 06:36:45+00:00,BUY,5.748,6.0,0.9580000000000001,0.9580000000000001,0.042
0x20f79ee30cf8ae24a104477df1218e66a3c30c367f0f9cc8d8292259196ff36d_0x3cb9681af6a910ab689990bd6a275ff3399e883940650a12d3a98d0786ab77c2,0x20f79ee30cf8ae24a104477df1218e66a3c30c367f0f9cc8d8292259196ff36d,1709707207,0xaaf4acafbb7980ce93631d238eb10a5c4ca67883,0x285e44ebc774abfbe205ccbf1636979309379ae3,0,51735590924894170001569823740991899172901949146021448619123146982012128066328,8.622,9.0,0.0,YES,2024-03-06 06:40:07+00:00,BUY,8.622,9.0,0.958,0.958,0.042
0x889ba79a447c635192905891a61573656216020d11b30d8684f06979144c395f_0x3cb9681af6a910ab689990bd6a275ff3399e883940650a12d3a98d0786ab77c2,0x889ba79a447c635192905891a61573656216020d11b30d8684f06979144c395f,1709708035,0xaaf4acafbb7980ce93631d238eb10a5c4ca67883,0x285e44ebc774abfbe205ccbf1636979309379ae3,0,51735590924894170001569823740991899172901949146021448619123146982012128066328,39.8528,41.6,0.0,YES,2024-03-06 06:53:55+00:00,BUY,39.8528,41.6,0.958,0.958,0.042
0xe73d07da7d4910a9b51f1738e9ca069965d087c879d45aed4f5900ee8d97a4fe_0x3cb9681af6a910ab689990bd6a275ff3399e883940650a12d3a98d0786ab77c2,0xe73d07da7d4910a9b51f1738e9ca069965d087c879d45aed4f5900ee8d97a4fe,1709708105,0xaaf4acafbb7980ce93631d238eb10a5c4ca67883,0x285e44ebc774abfbe205ccbf1636979309379ae3,0,51735590924894170001569823740991899172901949146021448619123146982012128066328,8.4304,8.8,0.0,YES,2024-03-06 06:55:05+00:00,BUY,8.4304,8.8,0.958,0.958,0.042
0x2196566a9b41a5254dbbe1016c11ec23b4c3de9ae5a18ab1b89d41eeb515cfc7_0x3cb9681af6a910ab689990bd6a275ff3399e883940650a12d3a98d0786ab77c2,0x2196566a9b41a5254dbbe1016c11ec23b4c3de9ae5a18ab1b89d41eeb515cfc7,1709708417,0xaaf4acafbb7980ce93631d238eb10a5c4ca67883,0x285e44ebc774abfbe205ccbf1636979309379ae3,0,51735590924894170001569823740991899172901949146021448619123146982012128066328,9.58,10.0,0.0,YES,2024-03-06 07:00:17+00:00,BUY,9.58,10.0,0.958,0.958,0.042
0x896d13458547997b52cce1b813a37812f7a93beeb1198c06b4d7cdb96847c03f_0x3cb9681af6a910ab689990bd6a275ff3399e883940650a12d3a98d0786ab77c2,0x896d13458547997b52cce1b813a37812f7a93beeb1198c06b4d7cdb96847c03f,1709708423,0xaaf4acafbb7980ce93631d238eb10a5c4ca67883,0x285e44ebc774abfbe205ccbf1636979309379ae3,0,51735590924894170001569823740991899172901949146021448619123146982012128066328,6.1312,6.4,0.0,YES,2024-03-06 07:00:23+00:00,BUY,6.1312,6.4,0.958,0.958,0.042
0xdc10f5fae3cb8ebc04246a2cf9be437dae2705dec4215c91bd45610ba010133c_0x3cb9681af6a910ab689990bd6a275ff3399e883940650a12d3a98d0786ab77c2,0xdc10f5fae3cb8ebc04246a2cf9be437dae2705dec4215c91bd45610ba010133c,1709708455,0xaaf4acafbb7980ce93631d238eb10a5c4ca67883,0x285e44ebc774abfbe205ccbf1636979309379ae3,0,51735590924894170001569823740991899172901949146021448619123146982012128066328,6.8976,7.2,0.0,YES,2024-03-06 07:00:55+00:00,BUY,6.8976,7.2,0.958,0.958,0.042
0xc9369d3a2ff2977e2dc3cc2ab929dd2cfd4cfdf8b4cb73d136dffe761e43b894_0x3cb9681af6a910ab689990bd6a275ff3399e883940650a12d3a98d0786ab77c2,0xc9369d3a2ff2977e2dc3cc2ab929dd2cfd4cfdf8b4cb73d136dffe761e43b894,1709708461,0xaaf4acafbb7980ce93631d238eb10a5c4ca67883,0x285e44ebc774abfbe205ccbf1636979309379ae3,0,51735590924894170001569823740991899172901949146021448619123146982012128066328,6.8976,7.2,0.0,YES,2024-03-06 07:01:01+00:00,BUY,6.8976,7.2,0.958,0.958,0.042
0xdb16ef31ee136ac9d3c34b2a7cdefb47353cf01bca388a3a76686eebd8af2d01_0x3cb9681af6a910ab689990bd6a275ff3399e883940650a12d3a98d0786ab77c2,0xdb16ef31ee136ac9d3c34b2a7cdefb47353cf01bca388a3a76686eebd8af2d01,1709708471,0xaaf4acafbb7980ce93631d238eb10a5c4ca67883,0x285e44ebc774abfbe205ccbf1636979309379ae3,0,51735590924894170001569823740991899172901949146021448619123146982012128066328,6.1312,6.4,0.0,YES,2024-03-06 07:01:11+00:00,BUY,6.1312,6.4,0.958,0.958,0.042
0x1574dad18d396409b72ec6def7def2f240f2e85be7f2ed4bbb42fb683d1288fe_0x3cb9681af6a910ab689990bd6a275ff3399e883940650a12d3a98d0786ab77c2,0x1574dad18d396409b72ec6def7def2f240f2e85be7f2ed4bbb42fb683d1288fe,1709709075,0xaaf4acafbb7980ce93631d238eb10a5c4ca67883,0x285e44ebc774abfbe205ccbf1636979309379ae3,0,51735590924894170001569823740991899172901949146021448619123146982012128066328,9.58,10.0,0.0,YES,2024-03-06 07:11:15+00:00,BUY,9.58,10.0,0.958,0.958,0.042
0x56710f8f1adc2b59cfecbb56f667659c35949ae91a70e0a432da64b454a5bb59_0x3cb9681af6a910ab689990bd6a275ff3399e883940650a12d3a98d0786ab77c2,0x56710f8f1adc2b59cfecbb56f667659c35949ae91a70e0a432da64b454a5bb59,1709709079,0xaaf4acafbb7980ce93631d238eb10a5c4ca67883,0x285e44ebc774abfbe205ccbf1636979309379ae3,0,51735590924894170001569823740991899172901949146021448619123146982012128066328,6.8976,7.2,0.0,YES,2024-03-06 07:11:19+00:00,BUY,6.8976,7.2,0.958,0.958,0.042
0xc0fff4bfaa5eacd82270f4fd69e22f236a03be4c19c2dc39393401910d805e92_0x3cb9681af6a910ab689990bd6a275ff3399e883940650a12d3a98d0786ab77c2,0xc0fff4bfaa5eacd82270f4fd69e22f236a03be4c19c2dc39393401910d805e92,1709709237,0xaaf4acafbb7980ce93631d238eb10a5c4ca67883,0x285e44ebc774abfbe205ccbf1636979309379ae3,0,51735590924894170001569823740991899172901949146021448619123146982012128066328,5.3648,5.6,0.0,YES,2024-03-06 07:13:57+00:00,BUY,5.3648,5.6,0.9580000000000001,0.9580000000000001,0.042
0x81586c757fe2fe858240a1cd43999b718810473e244d51d7598bed82020dcb66_0x3cb9681af6a910ab689990bd6a275ff3399e883940650a12d3a98d0786ab77c2,0x81586c757fe2fe858240a1cd43999b718810473e244d51d7598bed82020dcb66,1709709245,0xaaf4acafbb7980ce93631d238eb10a5c4ca67883,0x285e44ebc774abfbe205ccbf1636979309379ae3,0,51735590924894170001569823740991899172901949146021448619123146982012128066328,8.4304,8.8,0.0,YES,2024-03-06 07:14:05+00:00,BUY,8.4304,8.8,0.958,0.958,0.042
0x3f59e1f4eb60179d97f8dc789d9437e5538f110f049f65f91ac1a61fe6742f8b_0x3638c950287ea0da02afbaf6498526012c6454db84b8edf4cb8d6ec59b85916e,0x3f59e1f4eb60179d97f8dc789d9437e5538f110f049f65f91ac1a61fe6742f8b,1709709461,0x285e44ebc774abfbe205ccbf1636979309379ae3,0xc5d563a36ae78145c45a50134d48a1215220f80a,37677462944074969182752596427808431064991251926309617997598199261642924717625,0,7.18,0.22758,0.0,NO,2024-03-06 07:17:41+00:00,SELL,0.22758,7.18,0.03169637883008357,0.968304,0.03169637883008357
0xac836e9719e884a7de422b55560118dc1d7ffe2c8e60f608fe2a297f04ee2038_0xc7ed0b531750996a4854e6c8dd10d469c7c70a388c08f2ebfca39bea27971715,0xac836e9719e884a7de422b55560118dc1d7ffe2c8e60f608fe2a297f04ee2038,1709747409,0xaaf4acafbb7980ce93631d238eb10a5c4ca67883,0xc5d563a36ae78145c45a50134d48a1215220f80a,51735590924894170001569823740991899172901949146021448619123146982012128066328,0,4495.0,4297.664,0.0,YES,2024-03-06 17:50:09+00:00,SELL,4297.664,4495.0,0.9560987764182425,0.9560987764182425,0.043901
0x8c0a8df9b3c6f9047806aa6fdae829c3f7e3d37229e6b5d3210a1e1907ef7a02_0x722dc15ac845319332f716c83e886efdcbae1059a6f93fea44a3500193150766,0x8c0a8df9b3c6f9047806aa6fdae829c3f7e3d37229e6b5d3210a1e1907ef7a02,1709750563,0x24c8cf69a0e0a17eee21f69d29752bfa32e823e1,0xc5d563a36ae78145c45a50134d48a1215220f80a,51735590924894170001569823740991899172901949146021448619123146982012128066328,0,300.0,286.8,0.0,YES,2024-03-06 18:42:43+00:00,SELL,286.8,300.0,0.9560000000000001,0.9560000000000001,0.044
0x71207529e8871b62fb9898d047ec8f63d1929071c2664cb7b269ae78662aa5d1_0xe8d0d0141c6fb748d883f7081e16f6c28911a78da94531e8a4927ce1659404e1,0x71207529e8871b62fb9898d047ec8f63d1929071c2664cb7b269ae78662aa5d1,1709914193,0x5a560d135484258aa509f6720d31c4ed24f0adab,0xc5d563a36ae78145c45a50134d48a1215220f80a,0,51735590924894170001569823740991899172901949146021448619123146982012128066328,537.74035,555.15,0.0,YES,2024-03-08 16:09:53+00:00,BUY,537.74035,555.15,0.968639737008016,0.968639737008016,0.03136
0xe4efbe7b1567500e2fb4c133d58a825f03f2a0e3b8b8232a118e086df22897f3_0xfb99927d1be2507b83d64eb13874958e9f429a23d91bab73346271376ae8fabc,0xe4efbe7b1567500e2fb4c133d58a825f03f2a0e3b8b8232a118e086df22897f3,1709975847,0xdcc9d68a4bad9fc8becd27a03ee5b2b4feda4534,0x8df1e8deb689ab43eea50151923fd04e6567d7fb,0,51735590924894170001569823740991899172901949146021448619123146982012128066328,34.46015,35.71,0.0,YES,2024-03-09 09:17:27+00:00,BUY,34.46015,35.71,0.965,0.965,0.035
0xf0b8832f6bef1eaff05b1823e97708f7303f6aa44e2020b8b0b97d47c7a8f0d1_0x9d4afb0ede388fb9550be879ad03ac6576ab05f9ca3c37f8ed99d938c0aaac2b,0xf0b8832f6bef1eaff05b1823e97708f7303f6aa44e2020b8b0b97d47c7a8f0d1,1709994274,0x3cf3e8d5427aed066a7a5926980600f6c3cf87b3,0x3b9f26329bbd6f72231a0245a7337d404298d2b9,51735590924894170001569823740991899172901949146021448619123146982012128066328,0,51.38746,49.999998,0.0,YES,2024-03-09 14:24:34+00:00,SELL,49.999998,51.38746,0.9729999887131997,0.9729999887131997,0.027
0x4e2614110b820f0f466b375c35d4d92a44f9783b9af28f5787fbfc17304fc5cf_0x3588d7899b7f08af8e0e9b107011662f8a7401bea8659bbc0c8c511d5057d214,0x4e2614110b820f0f466b375c35d4d92a44f9783b9af28f5787fbfc17304fc5cf,1709998451,0xdcc9d68a4bad9fc8becd27a03ee5b2b4feda4534,0x6e8e5aa8ea257575ef046fdb5cebb0fb3f2a3454,0,51735590924894170001569823740991899172901949146021448619123146982012128066328,121.25,125.0,0.0,YES,2024-03-09 15:34:11+00:00,BUY,121.25,125.0,0.97,0.97,0.03
0x061982dde0cf79ef1d086958260f12931eceb19313cdaf230adfe1fd29576af4_0x3588d7899b7f08af8e0e9b107011662f8a7401bea8659bbc0c8c511d5057d214,0x061982dde0cf79ef1d086958260f12931eceb19313cdaf230adfe1fd29576af4,1709999057,0xdcc9d68a4bad9fc8becd27a03ee5b2b4feda4534,0x6e8e5aa8ea257575ef046fdb5cebb0fb3f2a3454,0,51735590924894170001569823740991899172901949146021448619123146982012128066328,121.25,125.0,0.0,YES,2024-03-09 15:44:17+00:00,BUY,121.25,125.0,0.97,0.97,0.03
0x5b2117da909284371d66ebefaa4b9c84990b508829c714a782574efeba38025a_0x3588d7899b7f08af8e0e9b107011662f8a7401bea8659bbc0c8c511d5057d214,0x5b2117da909284371d66ebefaa4b9c84990b508829c714a782574efeba38025a,1709999667,0xdcc9d68a4bad9fc8becd27a03ee5b2b4feda4534,0x6e8e5aa8ea257575ef046fdb5cebb0fb3f2a3454,0,51735590924894170001569823740991899172901949146021448619123146982012128066328,121.25,125.0,0.0,YES,2024-03-09 15:54:27+00:00,BUY,121.25,125.0,0.97,0.97,0.03
0xb70261e3b2d0410b0a560ac0aeb8dfd5f953fdf803283eb8fd797495cda279aa_0x3588d7899b7f08af8e0e9b107011662f8a7401bea8659bbc0c8c511d5057d214,0xb70261e3b2d0410b0a560ac0aeb8dfd5f953fdf803283eb8fd797495cda279aa,1710006554,0xdcc9d68a4bad9fc8becd27a03ee5b2b4feda4534,0x8df1e8deb689ab43eea50151923fd04e6567d7fb,0,51735590924894170001569823740991899172901949146021448619123146982012128066328,194.0,200.0,0.0,YES,2024-03-09 17:49:14+00:00,BUY,194.0,200.0,0.97,0.97,0.03
0xcfec1c5df6aacb6971377d8c28b3c55a73690b223ca807abfae194db4a7a36a8_0x3588d7899b7f08af8e0e9b107011662f8a7401bea8659bbc0c8c511d5057d214,0xcfec1c5df6aacb6971377d8c28b3c55a73690b223ca807abfae194db4a7a36a8,1710006554,0xdcc9d68a4bad9fc8becd27a03ee5b2b4feda4534,0x6e8e5aa8ea257575ef046fdb5cebb0fb3f2a3454,0,51735590924894170001569823740991899172901949146021448619123146982012128066328,75.563,77.9,0.0,YES,2024-03-09 17:49:14+00:00,BUY,75.563,77.9,0.97,0.97,0.03
0x35d9dd7c514b730042d8c8909ad959aa74cf96e4b3a38697bbbde6f146ae9d5e_0x9d4afb0ede388fb9550be879ad03ac6576ab05f9ca3c37f8ed99d938c0aaac2b,0x35d9dd7c514b730042d8c8909ad959aa74cf96e4b3a38697bbbde6f146ae9d5e,1710105690,0x3cf3e8d5427aed066a7a5926980600f6c3cf87b3,0x042bb3d489fece63e76e24fddee371fe8cdddfe4,51735590924894170001569823740991899172901949146021448619123146982012128066328,0,3.083246,2.999998,0.0,YES,2024-03-10 21:21:30+00:00,SELL,2.999998,3.083246,0.9729998838886031,0.9729998838886031,0.027
0x192ca570141a226d5588cc707541a1fad936ba0006cc8918f64df699a43e22c8_0x9d4afb0ede388fb9550be879ad03ac6576ab05f9ca3c37f8ed99d938c0aaac2b,0x192ca570141a226d5588cc707541a1fad936ba0006cc8918f64df699a43e22c8,1710168914,0x3cf3e8d5427aed066a7a5926980600f6c3cf87b3,0xf8b58c796a3916f94bb36c40f4a57f0cc097a5ca,51735590924894170001569823740991899172901949146021448619123146982012128066328,0,147.52,143.53696,0.0,YES,2024-03-11 14:55:14+00:00,SELL,143.53696,147.52,0.9729999999999999,0.9729999999999999,0.027
0xd5fe000be9a1bd92c01fcf62d957a0e42dfc9c6ad3f4cb167d08f368680642fc_0xb358cb08e302f99c500ae333a9569550f51b98bd187ed82b556126728c1b8993,0xd5fe000be9a1bd92c01fcf62d957a0e42dfc9c6ad3f4cb167d08f368680642fc,1710202909,0xdcc9d68a4bad9fc8becd27a03ee5b2b4feda4534,0xf8b58c796a3916f94bb36c40f4a57f0cc097a5ca,51735590924894170001569823740991899172901949146021448619123146982012128066328,0,688.61,670.70614,0.0,YES,2024-03-12 00:21:49+00:00,SELL,670.70614,688.61,0.974,0.974,0.026
0x1c3b1f9b2f4ab4ee4c987d8e3a851f4b43366a3942187a4832fc43773dafa4f5_0x134b01f9fabe78219cf192b460b50df103b19cf9a7200ea05256afc0403cbfe3,0x1c3b1f9b2f4ab4ee4c987d8e3a851f4b43366a3942187a4832fc43773dafa4f5,1710208864,0x6b7ec4ba079c0a258435ea36025f6190cd424562,0x26eff7e3980c343fb47b601ca103f131ddefdfc8,0,51735590924894170001569823740991899172901949146021448619123146982012128066328,173.571428,178.571427,0.0,YES,2024-03-12 02:01:04+00:00,BUY,173.571428,178.571427,0.9720000053536,0.9720000053536,0.028
0x0383906936e9a3c1cad549ea14980a57f30e376766ea8710d0af3107be475db5_0xf8ff7cffda0dfdfde59b58ea405031daaf536ad88d1a3da93046eabc2ef140a8,0x0383906936e9a3c1cad549ea14980a57f30e376766ea8710d0af3107be475db5,1710249696,0x3b9f26329bbd6f72231a0245a7337d404298d2b9,0xc5d563a36ae78145c45a50134d48a1215220f80a,51735590924894170001569823740991899172901949146021448619123146982012128066328,0,51.38,50.0955,0.0,YES,2024-03-12 13:21:36+00:00,SELL,50.0955,51.38,0.975,0.975,0.025
0x4f751680dce161c1925d543b223e83c33e3a4944a3e626be4f12153910d88846_0x91ebf1f92845379d5d4ec51a90843614c8b81c35e76444066724b10cc4ea25f7,0x4f751680dce161c1925d543b223e83c33e3a4944a3e626be4f12153910d88846,1710258007,0xf8b58c796a3916f94bb36c40f4a57f0cc097a5ca,0xc5d563a36ae78145c45a50134d48a1215220f80a,0,51735590924894170001569823740991899172901949146021448619123146982012128066328,489.5,500.0,0.0,YES,2024-03-12 15:40:07+00:00,BUY,489.5,500.0,0.979,0.979,0.021
0x64df2e7bc684115d4d6fe32609f12672b188d926fc85222005cb55301a9d6e26_0x457958afe777d744355243e22771bb55244b77e0c7fb0a3442024996fdeabcb7,0x64df2e7bc684115d4d6fe32609f12672b188d926fc85222005cb55301a9d6e26,1710361723,0xdcc9d68a4bad9fc8becd27a03ee5b2b4feda4534,0x59ee6c6a56d7b00223f0c30f8002c4df762b684d,0,51735590924894170001569823740991899172901949146021448619123146982012128066328,197.2,200.0,0.0,YES,2024-03-13 20:28:43+00:00,BUY,197.2,200.0,0.986,0.986,0.014
0x7abe40e5fe206c118e48304db17ff1477358eeb2c1c3e34ea92a2f57dd3cf4dc_0x0ac1ae4f1accf4f27f7c0f62c998c21fc356cf4bff0a3bc18a9030fb6d9cf1fa,0x7abe40e5fe206c118e48304db17ff1477358eeb2c1c3e34ea92a2f57dd3cf4dc,1710361949,0x43372356634781eea88d61bbdd7824cdce958882,0x59ee6c6a56d7b00223f0c30f8002c4df762b684d,0,51735590924894170001569823740991899172901949146021448619123146982012128066328,338.84,344.0,0.0,YES,2024-03-13 20:32:29+00:00,BUY,338.84,344.0,0.9849999999999999,0.9849999999999999,0.015
0xbb036a46454c8651094d07af056c7290b68aee0a0a7ec0459663686b1c1e4fee_0x054f09347d7a9e22a0b43fc2bd66b558a8d7dde4e76e6d943d67360f25a2a8c3,0xbb036a46454c8651094d07af056c7290b68aee0a0a7ec0459663686b1c1e4fee,1710597322,0xbb906a16b4c91a830b046c8e740c97c84bba6092,0xc5d563a36ae78145c45a50134d48a1215220f80a,0,51735590924894170001569823740991899172901949146021448619123146982012128066328,9.999982,10.152266,0.0,YES,2024-03-16 13:55:22+00:00,BUY,9.999982,10.152266,0.9849999990149982,0.9849999990149982,0.015
0xe16c2a39148c5ad6b17c60a1117fff4b4e395695fe4c95e9835f0c0523e93e69_0x7dacdc3d9a3bf4129ec78e963526b50e1da4d52fb717a51c9a7dbbe047e530d9,0xe16c2a39148c5ad6b17c60a1117fff4b4e395695fe4c95e9835f0c0523e93e69,1710597332,0xbb906a16b4c91a830b046c8e740c97c84bba6092,0xc5d563a36ae78145c45a50134d48a1215220f80a,0,51735590924894170001569823740991899172901949146021448619123146982012128066328,19.999965,20.304533,0.0,YES,2024-03-16 13:55:32+00:00,BUY,19.999965,20.304533,0.9849999997537496,0.9849999997537496,0.015
0x1f485067453e6640a511f8003985939ca93b398fdafe46e71458f05248bb0780_0xb2467c73c0ffed3ba86960c856d28058390826a9c93f4cb41f0d0419f14c92db,0x1f485067453e6640a511f8003985939ca93b398fdafe46e71458f05248bb0780,1710599120,0x24c8cf69a0e0a17eee21f69d29752bfa32e823e1,0xc5d563a36ae78145c45a50134d48a1215220f80a,0,51735590924894170001569823740991899172901949146021448619123146982012128066328,298.004526,302.542666,0.0,YES,2024-03-16 14:25:20+00:00,BUY,298.004526,302.542666,0.9849999999669469,0.9849999999669469,0.015
0x2bb67b2117a3155d5812273526802b1ac089efafdeef1fe30a02903425d3fd3b_0x05347321bc4405947fdf29cf6eed03544eb5fafd4391aac7b2adf5a83954afcf,0x2bb67b2117a3155d5812273526802b1ac089efafdeef1fe30a02903425d3fd3b,1710682240,0x71ed0bc95433cdf1be29f43219725fce9addd9eb,0xc5d563a36ae78145c45a50134d48a1215220f80a,0,51735590924894170001569823740991899172901949146021448619123146982012128066328,2475.0,2500.0,0.0,YES,2024-03-17 13:30:40+00:00,BUY,2475.0,2500.0,0.99,0.99,0.01
0xecaaf31e086840a9f4043b28dd289c914f399d795aae38328ee63ec515d18ae2_0x6dfab730d904d3acc6d945c01bc615008fd47a9b723e24834cf6946b43c6c693,0xecaaf31e086840a9f4043b28dd289c914f399d795aae38328ee63ec515d18ae2,1710706155,0x71ed0bc95433cdf1be29f43219725fce9addd9eb,0x25a48c98db0476aef020de71e07358c9e3110748,0,51735590924894170001569823740991899172901949146021448619123146982012128066328,72.27,73.0,0.0,YES,2024-03-17 20:09:15+00:00,BUY,72.27,73.0,0.99,0.99,0.01
0x034296d769b1ed761beb0102d0b31f54898d35465b62054d200ef3f060c26aed_0x032d6e65f36a5de8127de5109c8a20c9eed79c26ea9c9635de6163fc08de34bb,0x034296d769b1ed761beb0102d0b31f54898d35465b62054d200ef3f060c26aed,1710840404,0xd6440110d13fab03e24fcb37a33e6f320fd5ea06,0xc5d563a36ae78145c45a50134d48a1215220f80a,0,51735590924894170001569823740991899172901949146021448619123146982012128066328,11.999899,12.072333,0.0,YES,2024-03-19 09:26:44+00:00,BUY,11.999899,12.072333,0.9939999998343318,0.9939999998343318,0.006
0xa7acb661db92d30663bafc7cf9762458365b90016b58e02aeb26d03c017bc58f_0x4a744b9268232b2ea57305b4c22304f8a4afe1f2784f561b3b0bf7458a67d44a,0xa7acb661db92d30663bafc7cf9762458365b90016b58e02aeb26d03c017bc58f,1710840440,0xd6440110d13fab03e24fcb37a33e6f320fd5ea06,0xc5d563a36ae78145c45a50134d48a1215220f80a,51735590924894170001569823740991899172901949146021448619123146982012128066328,0,12.07,11.96137,0.0,YES,2024-03-19 09:27:20+00:00,SELL,11.96137,12.07,0.991,0.991,0.009
0xcee3881671b5c6fc606a0aba2246554c82898451586ae2912fd3ba3af51420fc_0xd3c2ef3209d10068987164c8c7a424ec440834d3025636ac966632f0b512924f,0xcee3881671b5c6fc606a0aba2246554c82898451586ae2912fd3ba3af51420fc,1710931517,0x97ecb8632d873f52fd49c21e9b444928c87b24ce,0xc5d563a36ae78145c45a50134d48a1215220f80a,0,51735590924894170001569823740991899172901949146021448619123146982012128066328,9.999971,10.060333,0.0,YES,2024-03-20 10:45:17+00:00,BUY,9.999971,10.060333,0.9939999998011995,0.9939999998011995,0.006
0xe21d13ad947ffb76d86f35f6493842010ce20d8d0f92052b0b329843808af5c1_0x0a688b7a15b1a3489514ff2aed704d73417c5482a6770c0235d8de9414baeb04,0xe21d13ad947ffb76d86f35f6493842010ce20d8d0f92052b0b329843808af5c1,1710951832,0x9c88c0ad88b0c7dd929b0cf040abc9a46b2bc405,0xc5d563a36ae78145c45a50134d48a1215220f80a,0,51735590924894170001569823740991899172901949146021448619123146982012128066328,15992.33181,16088.865,0.0,YES,2024-03-20 16:23:52+00:00,BUY,15992.33181,16088.865,0.994,0.994,0.006
0xae87a447bf7c7c7fb43b4e9f03b7bab4ae8566b3e4ce2f16336a60008f6d937c_0x56aafc27e8f47614f89e9a6ef6ccdb164165c68034d6831b5b9ca5a9d2a4fb2d,0xae87a447bf7c7c7fb43b4e9f03b7bab4ae8566b3e4ce2f16336a60008f6d937c,1710953252,0x9c88c0ad88b0c7dd929b0cf040abc9a46b2bc405,0xc5d563a36ae78145c45a50134d48a1215220f80a,0,51735590924894170001569823740991899172901949146021448619123146982012128066328,11055.445,11111.0,0.0,YES,2024-03-20 16:47:32+00:00,BUY,11055.445,11111.0,0.995,0.995,0.005
0xe79c03a4c85cffbdf866ba1c07a46f56baa30826888e96abf40ed3ac283cfcdc_0xe2017f0ea7579edc9981fa301cb4b7158c55c9908c9d5639541e89948f98b008,0xe79c03a4c85cffbdf866ba1c07a46f56baa30826888e96abf40ed3ac283cfcdc,1710953958,0x9c88c0ad88b0c7dd929b0cf040abc9a46b2bc405,0xc5d563a36ae78145c45a50134d48a1215220f80a,0,51735590924894170001569823740991899172901949146021448619123146982012128066328,1409.589,1411.0,0.0,YES,2024-03-20 16:59:18+00:00,BUY,1409.589,1411.0,0.999,0.999,0.001
0x10c02f4d7aef124830a1e49628d65f0da0de823005453092f486c985d998d371_0xf0235389666d3719ff5303b50d89608273904be47706704355b63365d45ea8d3,0x10c02f4d7aef124830a1e49628d65f0da0de823005453092f486c985d998d371,1710955700,0x43372356634781eea88d61bbdd7824cdce958882,0x5585cdf88a93babd82440614daa18761ecd43cea,0,51735590924894170001569823740991899172901949146021448619123146982012128066328,1102.112,1111.0,0.0,YES,2024-03-20 17:28:20+00:00,BUY,1102.112,1111.0,0.9920000000000001,0.9920000000000001,0.008
0x75856e7b9c0d69ec063d70548eb887aa7de082b92e5aaadb597c925a34760334_0x39fc84975b85b5241887e0e5e4bcae0b7b08f8d78a0b6e77fe58187d8534f524,0x75856e7b9c0d69ec063d70548eb887aa7de082b92e5aaadb597c925a34760334,1710955762,0x43372356634781eea88d61bbdd7824cdce958882,0x5585cdf88a93babd82440614daa18761ecd43cea,0,51735590924894170001569823740991899172901949146021448619123146982012128066328,1102.112,1111.0,0.0,YES,2024-03-20 17:29:22+00:00,BUY,1102.112,1111.0,0.9920000000000001,0.9920000000000001,0.008
0xac34dd3fcbeeddcc921a08ae5fa61c81b26b71912446c22a3fd955fc9a0f0b98_0x04119502e1319758c23836d335ea5bf537ea91b4e546a7551aacc424c5246e9d,0xac34dd3fcbeeddcc921a08ae5fa61c81b26b71912446c22a3fd955fc9a0f0b98,1710955798,0x43372356634781eea88d61bbdd7824cdce958882,0x5585cdf88a93babd82440614daa18761ecd43cea,0,51735590924894170001569823740991899172901949146021448619123146982012128066328,1102.112,1111.0,0.0,YES,2024-03-20 17:29:58+00:00,BUY,1102.112,1111.0,0.9920000000000001,0.9920000000000001,0.008
0x5fa727a0b455d171d4e7e53ee97dcce6d874f3d8baabe7ba6a25f7910a1b0a78_0xeb2c5cfc931fc4e14b5487a39ee3b085a46a97ee57d29fda6d15a95d1f81abde,0x5fa727a0b455d171d4e7e53ee97dcce6d874f3d8baabe7ba6a25f7910a1b0a78,1710955854,0x9c88c0ad88b0c7dd929b0cf040abc9a46b2bc405,0xc5d563a36ae78145c45a50134d48a1215220f80a,0,51735590924894170001569823740991899172901949146021448619123146982012128066328,199.8,200.0,0.0,YES,2024-03-20 17:30:54+00:00,BUY,199.8,200.0,0.9990000000000001,0.9990000000000001,0.001
0x36a6454beb580f73b85ed8598994537887bccf1e0d0ce15fe23867cd06ffbca5_0xb6b98d85c9a2bc572812500f01828ab702a199601a2d81ca4a67b68de200ba47,0x36a6454beb580f73b85ed8598994537887bccf1e0d0ce15fe23867cd06ffbca5,1710955866,0x43372356634781eea88d61bbdd7824cdce958882,0x5585cdf88a93babd82440614daa18761ecd43cea,0,51735590924894170001569823740991899172901949146021448619123146982012128066328,909.664,917.0,0.0,YES,2024-03-20 17:31:06+00:00,BUY,909.664,917.0,0.992,0.992,0.008
0x640a02aba07051516472ab5601cebf54b13234ee32c83ab846bfa9b4ef9c8ea0_0x8d24688af48ba80d5c334f3ca089674457ca150331f86031d6c8bcfb229adcb8,0x640a02aba07051516472ab5601cebf54b13234ee32c83ab846bfa9b4ef9c8ea0,1710955882,0x9c88c0ad88b0c7dd929b0cf040abc9a46b2bc405,0xc5d563a36ae78145c45a50134d48a1215220f80a,0,51735590924894170001569823740991899172901949146021448619123146982012128066328,199.8,200.0,0.0,YES,2024-03-20 17:31:22+00:00,BUY,199.8,200.0,0.9990000000000001,0.9990000000000001,0.001
0xfe109d160e72a798e6e70aa291ca71417d080ae8e5ba2d888f062457fdc491af_0xcfba76c4ae7f56717212c5c278ebde2397965e007cc8f8c4c554edcfa28004ca,0xfe109d160e72a798e6e70aa291ca71417d080ae8e5ba2d888f062457fdc491af,1710956372,0x9c88c0ad88b0c7dd929b0cf040abc9a46b2bc405,0xc5d563a36ae78145c45a50134d48a1215220f80a,0,51735590924894170001569823740991899172901949146021448619123146982012128066328,199.8,200.0,0.0,YES,2024-03-20 17:39:32+00:00,BUY,199.8,200.0,0.9990000000000001,0.9990000000000001,0.001
0x961bde887917d55a35ee7c4ceabcc54a6220ee57b48c30763583c4f563b1d5a4_0xc7b8c47de2367a4785d34bf006bf72951d65d6642efe69ed1320a12c96f06ecd,0x961bde887917d55a35ee7c4ceabcc54a6220ee57b48c30763583c4f563b1d5a4,1710984145,0x9c88c0ad88b0c7dd929b0cf040abc9a46b2bc405,0xd72753dae1cb01011c1e69af78ee1f9494bbecce,51735590924894170001569823740991899172901949146021448619123146982012128066328,0,200.0,199.8,0.0,YES,2024-03-21 01:22:25+00:00,SELL,199.8,200.0,0.9990000000000001,0.9990000000000001,0.001
