created_time,count,no_price_dollars,taker_side,ticker,trade_id,yes_price
2024-05-01 18:39:36.056356+00:00,1000,0.96,yes,FEDDECISION-24JUN-C25,f7b2ae5a-2447-4ffc-874a-955894279d18,0.04
2024-05-02 13:50:05.650802+00:00,5000,0.96,no,FEDDECISION-24JUN-C25,a40f9a16-dd14-47b9-bbb4-bdd393bf4ba3,0.04
2024-05-02 14:44:03.339311+00:00,100,0.95,yes,FEDDECISION-24JUN-C25,ff9dd28c-bae6-4f20-afac-688692a598d1,0.05
2024-05-02 14:44:03.339311+00:00,87,0.95,yes,FEDDECISION-24JUN-C25,3e6528b3-bb7c-460a-8901-510135e19a1e,0.05
2024-05-02 15:29:58.492306+00:00,4913,0.95,yes,FEDDECISION-24JUN-C25,5e7b960f-7221-4fdd-a7eb-570596af9ba1,0.05
2024-05-02 19:00:03.730999+00:00,102,0.95,no,FEDDECISION-24JUN-C25,2c994e1f-e295-4860-9e0b-e4c54dfc6747,0.05
2024-05-02 19:21:46.986727+00:00,102,0.95,no,FEDDECISION-24JUN-C25,618cf296-513f-4df7-86d3-39a398480923,0.05
2024-05-02 22:11:13.142981+00:00,46,0.95,no,FEDDECISION-24JUN-C25,e654d461-0b43-4160-88f4-1255dfb0ce44,0.05
2024-05-03 12:40:35.415744+00:00,200,0.93,yes,FEDDECISION-24JUN-C25,cea9420b-b4a1-4f57-91e7-fabd83791679,0.07
2024-05-03 12:46:18.179183+00:00,410,0.91,no,FEDDECISION-24JUN-C25,ae512f5d-0383-4ac1-9934-f8dc59af5cc9,0.09
2024-05-03 12:49:18.422632+00:00,97,0.9,no,FEDDECISION-24JUN-C25,362f7a0d-1e6a-4c93-a2ed-7343ae04c42f,0.1
2024-05-03 12:53:01.328691+00:00,3000,0.91,no,FEDDECISION-24JUN-C25,40448a06-5ca3-4234-8996-0f145656a362,0.09
2024-05-03 13:03:40.797921+00:00,500,0.92,no,FEDDECISION-24JUN-C25,4bde5bc9-cbdd-4def-9e5c-f5567a187c2d,0.08
2024-05-03 13:04:10.198626+00:00,125,0.92,no,FEDDECISION-24JUN-C25,928a035a-8d75-4a58-b964-4ac0f5bcb821,0.08
2024-05-03 13:05:55.698415+00:00,375,0.92,no,FEDDECISION-24JUN-C25,d92da1e2-97d6-489d-a393-0700819d218c,0.08
2024-05-03 13:05:55.802223+00:00,500,0.92,no,FEDDECISION-24JUN-C25,2defc1c3-39fc-4575-aef9-6648be925bc9,0.08
2024-05-03 13:05:55.894257+00:00,500,0.92,no,FEDDECISION-24JUN-C25,cd2c5c25-3bd8-4a5f-ace1-56cedc871362,0.08
2024-05-03 13:05:55.950654+00:00,500,0.92,no,FEDDECISION-24JUN-C25,7fd88083-9fe7-42be-befa-5d4e1c719a87,0.08
2024-05-03 13:05:55.984865+00:00,500,0.92,no,FEDDECISION-24JUN-C25,909d3c1c-f001-476a-9541-358672779536,0.08
2024-05-03 13:05:56.047088+00:00,500,0.92,no,FEDDECISION-24JUN-C25,d4608131-7179-47ca-b990-ee0ee866b792,0.08
2024-05-03 13:05:56.110962+00:00,325,0.92,no,FEDDECISION-24JUN-C25,572b5ff6-9c17-429b-a934-f530b68c5374,0.08
2024-05-03 13:34:08.730563+00:00,10,0.93,no,FEDDECISION-24JUN-C25,f3f56e99-d750-4b24-9a23-aca881aa3baf,0.07
2024-05-03 19:11:52.916200+00:00,3000,0.94,no,FEDDECISION-24JUN-C25,96a3dfac-9b57-4e67-ba09-6b50f23947aa,0.06
2024-05-04 18:24:18.896359+00:00,22,0.94,yes,FEDDECISION-24JUN-C25,3c0f8d49-3bdf-4af8-a38f-54c386700e82,0.06
2024-05-05 14:42:26.451716+00:00,15,0.94,yes,FEDDECISION-24JUN-C25,32cf3bd0-8539-4dc6-836c-0e5459b1388e,0.06
2024-05-06 13:32:44.051527+00:00,2000,0.94,yes,FEDDECISION-24JUN-C25,e1ddf30c-1a0a-4d63-9599-2a634de45e4c,0.06
2024-05-06 13:32:44.051527+00:00,5963,0.94,yes,FEDDECISION-24JUN-C25,6dfca5ac-bd04-4fdb-8338-0a592f1923c3,0.06
2024-05-06 13:32:44.051527+00:00,5000,0.94,yes,FEDDECISION-24JUN-C25,6a7f92f5-dc45-4ff5-8b31-012ce8ae3b2c,0.06
2024-05-06 19:52:29.433445+00:00,2000,0.94,no,FEDDECISION-24JUN-C25,0b5807bd-1209-4f08-8b92-f66eaea5b3bd,0.06
2024-05-07 13:56:46.314504+00:00,481,0.94,yes,FEDDECISION-24JUN-C25,66e96c39-cec2-4c5e-903b-6a27d3daacb3,0.06
2024-05-07 16:52:04.549160+00:00,9519,0.94,yes,FEDDECISION-24JUN-C25,0a1688d6-af3c-41b1-918f-97ecafff7eb4,0.06
2024-05-07 16:52:04.549160+00:00,500,0.94,yes,FEDDECISION-24JUN-C25,639a9518-1df8-4423-8125-74a2ee4dc646,0.06
2024-05-07 16:52:04.682597+00:00,500,0.94,no,FEDDECISION-24JUN-C25,78de48c1-2847-4a8e-85b3-d4441d461759,0.06
2024-05-07 16:52:04.734972+00:00,500,0.94,no,FEDDECISION-24JUN-C25,f36dd852-fd32-4dce-a259-68370b8823ee,0.06
2024-05-07 16:52:04.853027+00:00,500,0.94,yes,FEDDECISION-24JUN-C25,c2978804-8fa2-4cd1-985a-be3022cc60a3,0.06
2024-05-07 16:52:04.971692+00:00,500,0.94,no,FEDDECISION-24JUN-C25,4bab2be6-14db-4ce6-89b9-bbc53377fdb1,0.06
2024-05-07 16:52:05.036663+00:00,500,0.94,no,FEDDECISION-24JUN-C25,6fc7cceb-8ad7-484d-8a6b-d6604193a03b,0.06
2024-05-07 16:52:05.114654+00:00,500,0.94,no,FEDDECISION-24JUN-C25,5992f2a3-5efd-431d-985e-bb7518feae66,0.06
2024-05-07 16:52:05.176126+00:00,500,0.94,no,FEDDECISION-24JUN-C25,c3137fee-56c2-4009-b26c-d676ec2091de,0.06
2024-05-07 16:52:05.233005+00:00,500,0.94,no,FEDDECISION-24JUN-C25,e2ddecb8-c22d-4cde-b596-e64194cca015,0.06
2024-05-07 16:52:05.312114+00:00,500,0.94,no,FEDDECISION-24JUN-C25,b38c8e98-9c33-48ef-9054-27974501c66c,0.06
2024-05-07 16:52:05.376054+00:00,500,0.94,no,FEDDECISION-24JUN-C25,06416069-a22a-4240-a6ce-1b81feeab128,0.06
2024-05-07 16:52:05.431964+00:00,500,0.94,no,FEDDECISION-24JUN-C25,de0b81bf-143f-4202-8b12-41d3b7e5116e,0.06
2024-05-07 16:52:05.494087+00:00,500,0.94,no,FEDDECISION-24JUN-C25,4fc681bd-c806-4753-97ed-723abe31cc0f,0.06
2024-05-07 16:52:05.551265+00:00,500,0.94,no,FEDDECISION-24JUN-C25,67007216-38fe-4fd8-b045-da0816a66571,0.06
2024-05-07 16:52:05.644454+00:00,500,0.94,no,FEDDECISION-24JUN-C25,550afe34-0dc5-4572-b75f-b488330c2eab,0.06
2024-05-07 16:52:05.693348+00:00,500,0.94,no,FEDDECISION-24JUN-C25,7c784aa1-dada-4ca9-8233-48f39561604c,0.06
2024-05-07 17:12:11.402341+00:00,3000,0.94,no,FEDDECISION-24JUN-C25,53ff3ef7-419b-4e49-98bc-11be6773ae75,0.06
2024-05-07 18:03:19.491648+00:00,12000,0.94,no,FEDDECISION-24JUN-C25,e599412b-1f37-45bc-8aa7-6830aafcc470,0.06
2024-05-07 18:03:19.491648+00:00,2750,0.94,no,FEDDECISION-24JUN-C25,0f7c673b-a2e1-4b32-be8b-fd40fedb783e,0.06
2024-05-07 20:03:31.990112+00:00,9000,0.94,yes,FEDDECISION-24JUN-C25,6eae50dc-e6e8-450a-9529-f76f271f991c,0.06
2024-05-08 15:02:58.421940+00:00,4000,0.94,no,FEDDECISION-24JUN-C25,b54da99a-783c-4435-9572-f18d5ba11646,0.06
2024-05-08 15:02:58.421940+00:00,10000,0.94,no,FEDDECISION-24JUN-C25,1639509a-4a98-4652-a82e-9ec34a3267e2,0.06
2024-05-08 15:27:25.423123+00:00,5000,0.94,no,FEDDECISION-24JUN-C25,dd765619-ce6c-4a1b-a9ea-d927192b4716,0.06
2024-05-08 17:19:58.267496+00:00,2000,0.94,no,FEDDECISION-24JUN-C25,15f0ef46-c942-4a21-9d09-20f8af63ce81,0.06
2024-05-08 17:19:58.267496+00:00,3000,0.94,no,FEDDECISION-24JUN-C25,702cdee0-64d3-4942-986b-6ba727667d19,0.06
2024-05-08 17:20:27.266054+00:00,3000,0.94,no,FEDDECISION-24JUN-C25,59d9aa22-a1b7-4058-96ad-8350a17bbfa5,0.06
2024-05-08 17:30:23.692427+00:00,35,0.94,yes,FEDDECISION-24JUN-C25,33584463-fd88-4864-a90e-ac0146cda937,0.06
2024-05-08 17:30:23.692427+00:00,666,0.94,yes,FEDDECISION-24JUN-C25,eb8b3674-b3aa-44ab-8f82-b571e48b9661,0.06
2024-05-08 17:32:12.903023+00:00,1000,0.94,yes,FEDDECISION-24JUN-C25,88532cf4-4a7f-424b-aa4f-3ddf7d3085dd,0.06
2024-05-08 17:32:12.903023+00:00,35,0.94,yes,FEDDECISION-24JUN-C25,b206bece-e18a-401d-9678-bbeacc42531f,0.06
2024-05-09 18:20:29.492168+00:00,156,0.94,yes,FEDDECISION-24JUN-C25,4980e460-8750-48b2-bae6-cc170fdb2486,0.06
2024-05-09 22:14:18.210765+00:00,78,0.94,yes,FEDDECISION-24JUN-C25,198643f6-2a5c-4080-923c-ea769841673e,0.06
2024-05-10 15:57:22.736474+00:00,15,0.94,yes,FEDDECISION-24JUN-C25,aa8225da-e53e-4ca1-8460-50cd2653b7ad,0.06
2024-05-10 22:17:14.336454+00:00,156,0.94,yes,FEDDECISION-24JUN-C25,c21e7de7-996c-41a9-b52a-84453bb1ab5c,0.06
2024-05-12 16:25:20.547343+00:00,781,0.94,yes,FEDDECISION-24JUN-C25,4c9de0b8-5c86-48d8-9297-c5b29962cf7f,0.06
2024-05-12 19:09:36.929989+00:00,1000,0.95,no,FEDDECISION-24JUN-C25,c2a1254b-b261-4daf-8823-d6b3037b029e,0.05
2024-05-13 15:03:49.356975+00:00,1500,0.95,no,FEDDECISION-24JUN-C25,84636bab-a178-45a1-b2fa-6a9f8236f8b3,0.05
2024-05-13 18:18:35.106611+00:00,2500,0.95,no,FEDDECISION-24JUN-C25,7575c3a4-2d05-4e26-9457-d752406ccca4,0.05
2024-05-13 18:18:35.106611+00:00,3500,0.95,no,FEDDECISION-24JUN-C25,91b73ad9-7608-4272-8fb1-ad63570e218d,0.05
2024-05-13 18:18:35.106611+00:00,5000,0.95,no,FEDDECISION-24JUN-C25,e707ba90-c428-4ead-82fa-c624fef18a7c,0.05
2024-05-13 18:18:35.106611+00:00,3000,0.95,no,FEDDECISION-24JUN-C25,fcd46cab-5c37-4951-b74b-30da855cd88f,0.05
2024-05-13 18:21:08.678462+00:00,9000,0.95,no,FEDDECISION-24JUN-C25,9a1c3364-3a88-425f-81f7-07666b63deb7,0.05
2024-05-13 18:21:08.678462+00:00,5000,0.95,no,FEDDECISION-24JUN-C25,5acab334-e50d-4972-b540-0872b3ecaa67,0.05
2024-05-14 14:22:54.308807+00:00,5000,0.96,no,FEDDECISION-24JUN-C25,6e641984-12fe-4c6b-919f-dee8fec6174a,0.04
2024-05-14 14:26:06.783905+00:00,189,0.97,no,FEDDECISION-24JUN-C25,12893d0f-1469-465f-91b0-a6f02534c030,0.03
2024-05-14 14:26:06.786649+00:00,189,0.97,no,FEDDECISION-24JUN-C25,dcdd8801-e145-4a55-9a08-abfab96f88dc,0.03
2024-05-14 14:31:26.573183+00:00,7500,0.96,yes,FEDDECISION-24JUN-C25,1d4bae81-6c7b-4ce7-88f6-fb80e66cfa08,0.04
2024-05-14 14:41:12.256901+00:00,188,0.97,no,FEDDECISION-24JUN-C25,82b958bd-8e7b-4dcb-b117-8dd21be56678,0.03
2024-05-14 14:41:47.891321+00:00,10500,0.96,yes,FEDDECISION-24JUN-C25,43b0e39b-e409-48f0-8f37-0d38d366cb25,0.04
2024-05-14 14:41:47.891321+00:00,2500,0.96,yes,FEDDECISION-24JUN-C25,babc8f4e-f3f3-4178-a894-f7f51e939909,0.04
2024-05-14 17:49:36.761410+00:00,234,0.96,yes,FEDDECISION-24JUN-C25,70681436-e4bd-4ede-a145-d5e380149389,0.04
2024-05-14 18:16:15.467414+00:00,16766,0.96,yes,FEDDECISION-24JUN-C25,2bded300-eefe-488b-a0ed-1a9fbf9727e6,0.04
2024-05-14 18:16:15.467414+00:00,1000,0.96,yes,FEDDECISION-24JUN-C25,4080d443-18a2-4db6-9be0-dc28745955b9,0.04
2024-05-14 18:38:55.897773+00:00,116,0.96,no,FEDDECISION-24JUN-C25,6d28fabd-5592-4952-b6da-78d0dee88438,0.04
2024-05-14 19:42:37.908599+00:00,7118,0.96,no,FEDDECISION-24JUN-C25,66683e7d-db49-4362-b2c1-976841eddec0,0.04
2024-05-14 20:45:02.916809+00:00,3000,0.95,yes,FEDDECISION-24JUN-C25,4594f060-7834-480a-88db-e4fdf2996b38,0.05
2024-05-14 20:45:02.916809+00:00,1000,0.95,yes,FEDDECISION-24JUN-C25,d46414bb-e4cd-488b-9710-726c097a26c8,0.05
2024-05-14 20:59:00.095728+00:00,6000,0.95,no,FEDDECISION-24JUN-C25,8dbc619a-2368-4fbc-a3fd-278f2c3567fb,0.05
2024-05-14 23:45:43.808577+00:00,10118,0.95,yes,FEDDECISION-24JUN-C25,32a7b4ae-d439-4f21-b987-d5efae74668f,0.05
2024-05-14 23:45:47.632866+00:00,9882,0.95,yes,FEDDECISION-24JUN-C25,a10020fd-66ef-4769-8af3-5c297416e9ab,0.05
2024-05-14 23:57:45.059241+00:00,10,0.95,yes,FEDDECISION-24JUN-C25,05135960-4112-4c1e-83b1-b3f81825185b,0.05
2024-05-15 00:35:05.172490+00:00,6990,0.95,yes,FEDDECISION-24JUN-C25,3463fff7-3d7f-43a9-8621-bdd8eef082c5,0.05
2024-05-15 01:50:11.239747+00:00,390,0.94,yes,FEDDECISION-24JUN-C25,47c40a78-2226-4b97-890c-cec4cd242540,0.06
2024-05-15 01:56:32.190612+00:00,15,0.94,yes,FEDDECISION-24JUN-C25,8694d656-5585-4095-938d-4a55c14a7eef,0.06
2024-05-15 03:01:23.779180+00:00,78,0.94,yes,FEDDECISION-24JUN-C25,085fded0-a719-49e7-be1b-8d24d21e7881,0.06
2024-05-15 12:18:32.238804+00:00,10000,0.95,no,FEDDECISION-24JUN-C25,283d7c38-a303-4e17-87c9-095e6ba0f73c,0.05
2024-05-15 12:20:21.089579+00:00,10000,0.95,yes,FEDDECISION-24JUN-C25,cdaa7431-76b8-4161-a4f1-1b662077bab1,0.05
2024-05-15 12:36:24.343586+00:00,4434,0.97,no,FEDDECISION-24JUN-C25,f219fac8-43f8-4866-a982-a508949f378d,0.03
2024-05-15 13:18:42.019007+00:00,3000,0.97,no,FEDDECISION-24JUN-C25,974cc844-de8f-47e5-873a-7aa49cfceaca,0.03
2024-05-15 14:14:45.424267+00:00,58,0.97,yes,FEDDECISION-24JUN-C25,9f8cca7a-2aec-4b82-896b-4e667d0acfee,0.03
2024-05-15 14:57:27.480651+00:00,167,0.97,yes,FEDDECISION-24JUN-C25,13234c6b-70a1-4abd-a027-aec0c4b33e1c,0.03
2024-05-15 14:57:36.741090+00:00,10000,0.97,yes,FEDDECISION-24JUN-C25,20835474-ceca-4d36-b9cf-4eca04e65eb0,0.03
2024-05-15 14:57:36.741090+00:00,10000,0.97,yes,FEDDECISION-24JUN-C25,5454b13f-1913-43c9-9035-15b4114b0bee,0.03
2024-05-15 14:57:36.741090+00:00,10000,0.97,yes,FEDDECISION-24JUN-C25,6ab2951f-ca86-4e35-82c8-ae3de73b5dec,0.03
2024-05-15 14:57:36.741090+00:00,6775,0.97,yes,FEDDECISION-24JUN-C25,864e9d54-8adf-43b0-a77c-7aac32fcd1ba,0.03
2024-05-15 14:57:36.741090+00:00,2000,0.97,yes,FEDDECISION-24JUN-C25,e448dbff-a24e-4389-ba86-d25da759c1b9,0.03
2024-05-15 15:22:37.121987+00:00,100,0.97,yes,FEDDECISION-24JUN-C25,9fd5032d-fcc5-4f72-93a7-cf64bfc0dab3,0.03
2024-05-15 15:41:21.881756+00:00,312,0.97,yes,FEDDECISION-24JUN-C25,57842d8c-4007-4f45-b636-fdc63e245691,0.03
2024-05-15 16:03:00.107703+00:00,23000,0.97,yes,FEDDECISION-24JUN-C25,42789d6e-0710-441d-956f-8c0664f9edba,0.03
2024-05-15 16:05:49.985528+00:00,6588,0.97,yes,FEDDECISION-24JUN-C25,b33b8dd4-2d3e-4dc8-9602-0d03eef68807,0.03
2024-05-15 16:42:07.351312+00:00,12000,0.97,no,FEDDECISION-24JUN-C25,236ecdf1-2c99-415a-94a9-c4b379057e24,0.03
2024-05-15 17:44:29.741960+00:00,23,0.96,yes,FEDDECISION-24JUN-C25,e3e522c1-72b2-4b04-a7c6-221d5204ad88,0.04
2024-05-15 19:22:15.317179+00:00,35,0.97,no,FEDDECISION-24JUN-C25,a3747ea4-0aaf-4f3c-8eb7-be9f19cbf27b,0.03
2024-05-15 21:05:36.235005+00:00,10000,0.97,no,FEDDECISION-24JUN-C25,473003d6-dbcd-4140-858c-bee90ed122cf,0.03
2024-05-15 21:33:08.392129+00:00,2535,0.96,yes,FEDDECISION-24JUN-C25,278fd93e-372c-43b9-84da-b1e7900efc86,0.04
2024-05-15 23:00:57.343066+00:00,259,0.97,no,FEDDECISION-24JUN-C25,48d73562-2414-4582-9a45-f6d8ec14beea,0.03
2024-05-15 23:19:09.179428+00:00,250,0.96,yes,FEDDECISION-24JUN-C25,0db97103-e604-4ca3-9398-81391ce4fa02,0.04
2024-05-15 23:49:20.028145+00:00,23,0.96,yes,FEDDECISION-24JUN-C25,913b64d5-915a-4eb5-ac0f-38020e4ea7bf,0.04
2024-05-16 00:28:50.676474+00:00,234,0.96,yes,FEDDECISION-24JUN-C25,4eed3284-468e-48b9-a453-48d9ab3cc900,0.04
2024-05-16 01:54:41.492683+00:00,117,0.96,yes,FEDDECISION-24JUN-C25,d10b9f05-9ad6-4427-b560-f9a8d6afa57e,0.04
2024-05-16 12:52:41.357009+00:00,500,0.97,no,FEDDECISION-24JUN-C25,455abbe3-8726-4caa-a64a-3827e5b8926b,0.03
2024-05-16 12:53:02.794434+00:00,234,0.96,yes,FEDDECISION-24JUN-C25,287946a7-4d11-4165-9bca-124c3f8c0310,0.04
2024-05-16 13:05:10.293645+00:00,23,0.97,no,FEDDECISION-24JUN-C25,190d8123-abf3-4313-9be1-9bc24dad4337,0.03
2024-05-16 13:08:19.318619+00:00,100,0.96,yes,FEDDECISION-24JUN-C25,543b75fc-a0c6-4502-a746-85e3bec517a9,0.04
2024-05-16 13:39:00.253155+00:00,10000,0.97,no,FEDDECISION-24JUN-C25,5d8ae224-95da-4217-800e-f63bb6f48b37,0.03
2024-05-16 15:21:37.648025+00:00,156,0.97,yes,FEDDECISION-24JUN-C25,ff245685-4df7-4d77-90b5-57e4e2ddc2d8,0.03
2024-05-16 18:18:27.257324+00:00,1560,0.97,yes,FEDDECISION-24JUN-C25,6e53cd2b-97cd-4a17-a1a4-04dcb6938894,0.03
2024-05-16 20:15:26.914210+00:00,62,0.97,yes,FEDDECISION-24JUN-C25,5d1e78f5-084a-4778-90bf-62756df120c1,0.03
2024-05-17 00:29:45.227927+00:00,10000,0.98,no,FEDDECISION-24JUN-C25,cb03a21a-1ef4-4138-aeba-18171c94ca25,0.02
2024-05-18 02:06:24.977564+00:00,5,0.98,yes,FEDDECISION-24JUN-C25,453d16df-3692-4070-8b80-f43ced464ea7,0.02
2024-05-18 02:06:24.977564+00:00,15,0.97,yes,FEDDECISION-24JUN-C25,9dedc2e4-5875-468d-9288-67f5bfef9735,0.03
2024-05-18 23:59:47.296230+00:00,780,0.97,yes,FEDDECISION-24JUN-C25,0aeef817-0e81-43ee-9a50-48511a49eacf,0.03
2024-05-21 02:05:34.368130+00:00,22,0.97,yes,FEDDECISION-24JUN-C25,10b2514d-7860-456c-b591-3e5d7f1c4ed0,0.03
2024-05-21 20:13:28.471468+00:00,31,0.97,yes,FEDDECISION-24JUN-C25,79137dd7-4f93-475d-8113-f356d035e47f,0.03
2024-05-22 15:02:02.146439+00:00,1169,0.98,yes,FEDDECISION-24JUN-C25,d3be9001-bffe-4def-b39b-107b00e582a1,0.02
2024-05-22 19:09:24.512361+00:00,50,0.98,yes,FEDDECISION-24JUN-C25,b25848f4-41b3-49e8-98e0-154b0d82598a,0.02
2024-05-22 23:03:33.508779+00:00,10,0.98,yes,FEDDECISION-24JUN-C25,292849d4-823f-4ddc-981b-fdf1194959da,0.02
2024-05-23 00:18:56.815277+00:00,2068,0.98,yes,FEDDECISION-24JUN-C25,6f568c2e-9ced-4cde-bde6-431f32e9e128,0.02
2024-05-23 00:18:56.815277+00:00,271,0.98,yes,FEDDECISION-24JUN-C25,ea24c2a5-b03e-43ac-a2bd-b3880fce2a0d,0.02
2024-05-23 23:40:57.962204+00:00,233,0.98,yes,FEDDECISION-24JUN-C25,44e248ca-d22a-4576-8aee-82b925e97745,0.02
2024-05-27 03:35:52.415784+00:00,1,0.98,yes,FEDDECISION-24JUN-C25,8e405f09-f1c8-458f-8b2e-028afb82cc6b,0.02
2024-05-27 16:15:46.609755+00:00,46,0.98,yes,FEDDECISION-24JUN-C25,51708260-074d-47f8-b697-5a1a21729312,0.02
2024-05-29 02:01:52.649260+00:00,233,0.98,yes,FEDDECISION-24JUN-C25,8f5c09f6-0e40-4817-bdd5-fed14391b60e,0.02
2024-05-30 01:11:13.305972+00:00,467,0.98,yes,FEDDECISION-24JUN-C25,2ec60e1a-4ea6-48f2-9f1c-b13ef0cfc777,0.02
2024-06-05 02:46:24.841022+00:00,164,0.98,yes,FEDDECISION-24JUN-C25,3f972c6b-4583-47bd-b129-099a591a3eeb,0.02
2024-06-05 20:29:21.378348+00:00,10,0.98,yes,FEDDECISION-24JUN-C25,c0e4168f-75e6-43b1-a4b2-19a87134ef62,0.02
2024-06-06 00:16:48.319197+00:00,10,0.98,yes,FEDDECISION-24JUN-C25,da6ffbe9-86a8-4b2f-86dd-9fed2210ad98,0.02
2024-06-06 13:10:17.625163+00:00,46,0.98,yes,FEDDECISION-24JUN-C25,63fc8c65-120a-4280-803d-e966fda09d0a,0.02
2024-06-06 19:34:57.301045+00:00,700,0.98,yes,FEDDECISION-24JUN-C25,ee2d5063-fc09-4e50-adcc-2d4c82f6d91b,0.02
2024-06-06 23:34:18.871519+00:00,22,0.98,yes,FEDDECISION-24JUN-C25,3768f84b-76ce-4950-a241-99a4e5351e2a,0.02
2024-06-06 23:34:18.871519+00:00,445,0.98,yes,FEDDECISION-24JUN-C25,f9399450-d47b-4e72-b474-b74b9749d2b5,0.02
2024-06-06 23:36:14.389545+00:00,233,0.98,yes,FEDDECISION-24JUN-C25,1092d1b2-bc4d-4c74-b2c4-2d7531cde05d,0.02
2024-06-06 23:45:01.990475+00:00,367,0.98,yes,FEDDECISION-24JUN-C25,eeef63ca-26da-4f0c-be75-94a35ad472d0,0.02
2024-06-07 12:36:36.995065+00:00,233,0.99,no,FEDDECISION-24JUN-C25,cfc12ae6-63e5-4cfc-ba38-d702ad53997f,0.01
2024-06-07 14:53:10.916220+00:00,14,0.98,yes,FEDDECISION-24JUN-C25,caed976d-6c20-44ee-bc01-7357cfc7bb03,0.02
2024-06-07 17:16:11.857154+00:00,2000,0.99,no,FEDDECISION-24JUN-C25,41d0c42f-1e73-4ba5-885c-4ce19ac7acbe,0.01
2024-06-08 14:23:42.840950+00:00,767,0.99,no,FEDDECISION-24JUN-C25,c2345b11-fdd1-4c3b-be7e-a449e4b5dfb5,0.01
2024-06-08 14:23:42.840950+00:00,433,0.99,no,FEDDECISION-24JUN-C25,0ce35d85-f871-4a6d-b903-8f21a13ec109,0.01
2024-06-08 15:07:43.302819+00:00,467,0.98,yes,FEDDECISION-24JUN-C25,88a3c85c-ab13-4207-9dfa-c8d171a4a29d,0.02
2024-06-08 16:32:27.991061+00:00,1500,0.99,no,FEDDECISION-24JUN-C25,e7813db5-a2db-4585-98ea-768faae732e7,0.01
2024-06-09 15:12:15.214993+00:00,1000,0.99,yes,FEDDECISION-24JUN-C25,22712328-4fc5-47a2-9414-92a1e957fa7c,0.01
2024-06-09 15:12:15.214993+00:00,9559,0.98,yes,FEDDECISION-24JUN-C25,feeda90c-7524-4dc9-8cd1-50c00af3e0de,0.02
2024-06-11 13:54:39.970024+00:00,9,0.98,yes,FEDDECISION-24JUN-C25,fcbc0124-82d0-4b01-b9c7-d71c6d5d23c2,0.02
2024-06-11 17:47:51.662326+00:00,500,0.98,yes,FEDDECISION-24JUN-C25,13b8760a-0c08-484c-8b72-7ca791f5ae09,0.02
2024-06-11 17:58:23.445683+00:00,800,0.98,yes,FEDDECISION-24JUN-C25,6731291d-b25b-452e-89c3-1c97218ade2f,0.02
2024-06-11 21:46:10.811907+00:00,93,0.99,yes,FEDDECISION-24JUN-C25,c58468e9-ab55-4407-80f9-e01159f21998,0.01
2024-06-11 22:57:17.344727+00:00,93,0.99,yes,FEDDECISION-24JUN-C25,26a2377a-c6e4-45fb-baa7-f26e7256ac95,0.01
2024-06-12 00:14:34.462976+00:00,935,0.99,yes,FEDDECISION-24JUN-C25,03e731d2-2f9a-4970-a58d-e988beef2d5b,0.01
2024-06-12 01:14:57.779636+00:00,1,0.99,yes,FEDDECISION-24JUN-C25,61d085a8-1d22-491a-a474-c29b7b3c9182,0.01
2024-06-12 01:14:57.779636+00:00,379,0.99,yes,FEDDECISION-24JUN-C25,6f9fd628-0217-4c27-9aab-3e20e572e531,0.01
2024-06-12 01:14:57.779636+00:00,555,0.99,yes,FEDDECISION-24JUN-C25,a8d89041-bdb5-4c15-a654-41165fdd0e50,0.01
2024-06-12 02:46:31.222071+00:00,555,0.99,yes,FEDDECISION-24JUN-C25,07b33dd6-5317-4c33-97de-71711884f43f,0.01
2024-06-12 02:46:31.222071+00:00,554,0.99,yes,FEDDECISION-24JUN-C25,8c81c2ef-2b75-4159-9222-435c46ff08a5,0.01
2024-06-12 02:46:31.222071+00:00,1000,0.99,yes,FEDDECISION-24JUN-C25,ecbafc4c-a81c-435b-a685-b31cd394130e,0.01
2024-06-12 13:25:35.497970+00:00,467,0.99,yes,FEDDECISION-24JUN-C25,e5e0fb26-4bfc-4faa-ac07-81e7f8c293f8,0.01
2024-06-12 13:57:37.824830+00:00,400,0.99,yes,FEDDECISION-24JUN-C25,144084db-f99f-4459-b81c-ebb942e2ab3b,0.01
2024-06-12 13:57:37.940124+00:00,200,0.99,yes,FEDDECISION-24JUN-C25,fab23c60-aaa1-49e5-a23c-9a036188ea45,0.01
2024-06-12 13:57:49.887091+00:00,400,0.99,yes,FEDDECISION-24JUN-C25,f30397c6-5159-4419-9d9a-36690d53e2de,0.01
2024-06-12 13:57:50.171609+00:00,33,0.99,yes,FEDDECISION-24JUN-C25,0ef9a97e-8c15-4685-9ec5-b1a7a131469d,0.01
2024-06-12 14:33:56.262085+00:00,4,0.98,yes,FEDDECISION-24JUN-C25,66be263f-8a8f-4da4-9781-9f994629d2ab,0.02
2024-06-12 16:00:38.359030+00:00,46,0.98,yes,FEDDECISION-24JUN-C25,b26e1ef5-470e-475b-b588-60a4dc0da9bc,0.02
2024-06-12 16:04:58.817749+00:00,200,0.98,yes,FEDDECISION-24JUN-C25,ac68d2b5-2c83-438a-afea-48e81141cf51,0.02
2024-06-12 16:30:17.272277+00:00,500,0.98,yes,FEDDECISION-24JUN-C25,03adb97f-d3ca-4101-b0c3-3d6f335dd9b4,0.02
2024-06-12 16:30:17.272277+00:00,100,0.98,yes,FEDDECISION-24JUN-C25,34eec8ce-6b40-423b-b873-0120708fe010,0.02
2024-06-12 16:30:17.272277+00:00,31,0.98,yes,FEDDECISION-24JUN-C25,8f939b4a-52c1-4601-9148-257acaf28a0c,0.02
2024-06-12 16:30:17.272277+00:00,70,0.98,yes,FEDDECISION-24JUN-C25,9d6affb8-dcd0-45be-83cd-73ba6d0ad9f7,0.02
2024-06-12 16:45:24.635078+00:00,400,0.98,yes,FEDDECISION-24JUN-C25,d6d9d67e-f208-4f1d-9990-b4d158d6d4ca,0.02
2024-06-12 17:29:02.738269+00:00,100,0.98,yes,FEDDECISION-24JUN-C25,25266787-ee82-4b10-9e97-3184e351833a,0.02
2024-06-12 17:40:03.856924+00:00,33,0.98,yes,FEDDECISION-24JUN-C25,b32fe7bc-a279-4b14-94f5-ee3dde9da69c,0.02
