created_time,count,count_fp,no_price,no_price_dollars,price,taker_side,ticker,trade_id,yes_price,yes_price_dollars
2023-09-23 16:59:06.334732+00:00,25,25.00,26,0.2600,0.74,yes,FEDDECISION-23NOV-H0,8200f90f-5d4b-455f-987c-c36935c7364e,0.74,0.7400
2023-09-23 23:24:30.245526+00:00,65,65.00,26,0.2600,0.74,yes,FEDDECISION-23NOV-H0,bf6dbe7c-e0fa-4619-a701-bd90607e266e,0.74,0.7400
2023-09-25 00:27:09.248342+00:00,80,80.00,24,0.2400,0.76,yes,FEDDECISION-23NOV-H0,dd5f3749-141b-4986-b820-5089669a38d3,0.76,0.7600
2023-09-25 13:58:08.261620+00:00,70,70.00,24,0.2400,0.76,yes,FEDDECISION-23NOV-H0,e26e23a8-f0c5-4132-bbdb-b65c33ccc437,0.76,0.7600
2023-09-25 14:00:43.507347+00:00,150,150.00,22,0.2200,0.78,yes,FEDDECISION-23NOV-H0,09951989-2dfb-42f1-8bb9-d6a7f2fb39e7,0.78,0.7800
2023-09-25 16:19:39.602868+00:00,1007,1007.00,22,0.2200,0.78,yes,FEDDECISION-23NOV-H0,5d459e80-4178-4592-be28-8bb8982e6bed,0.78,0.7800
2023-09-25 17:57:10.763554+00:00,1,1.00,20,0.2000,0.8,yes,FEDDECISION-23NOV-H0,c06e678b-b5d1-48af-9a56-db5815de62d7,0.8,0.8000
2023-09-26 14:33:23.551434+00:00,150,150.00,22,0.2200,0.78,yes,FEDDECISION-23NOV-H0,efe3adc6-aece-43a3-a90f-2f1d1c8afba3,0.78,0.7800
2023-09-26 15:31:29.383166+00:00,10,10.00,20,0.2000,0.8,yes,FEDDECISION-23NOV-H0,0a67cc4e-7890-4f07-a510-b13b396f682a,0.8,0.8000
2023-09-26 21:36:45.242699+00:00,6,6.00,20,0.2000,0.8,yes,FEDDECISION-23NOV-H0,584e44bf-4227-493b-93ed-25d24cb75f5a,0.8,0.8000
2023-09-27 00:37:34.733337+00:00,123,123.00,20,0.2000,0.8,yes,FEDDECISION-23NOV-H0,1bf52100-be7a-400b-9afb-f8d2454f7d7d,0.8,0.8000
2023-09-27 00:48:31.655954+00:00,123,123.00,20,0.2000,0.8,yes,FEDDECISION-23NOV-H0,cd3da02d-4c15-4cbe-bfbb-5d5ec25519ae,0.8,0.8000
2023-09-27 01:54:56.155081+00:00,1007,1007.00,20,0.2000,0.8,yes,FEDDECISION-23NOV-H0,d07c9f0d-8b10-4bf7-a751-554adf9a2db0,0.8,0.8000
2023-09-27 01:55:27.921917+00:00,1007,1007.00,20,0.2000,0.8,yes,FEDDECISION-23NOV-H0,19333c8f-0f45-4a6e-a00a-cb39825e8154,0.8,0.8000
2023-09-27 01:55:49.641749+00:00,659,659.00,19,0.1900,0.81,yes,FEDDECISION-23NOV-H0,b9f3a12c-9bd6-4cfd-a967-4b627fe80783,0.81,0.8100
2023-09-27 01:55:49.641749+00:00,223,223.00,20,0.2000,0.8,yes,FEDDECISION-23NOV-H0,1df52598-0fef-439a-86c7-c675d72cb632,0.8,0.8000
2023-09-27 01:55:49.641749+00:00,125,125.00,19,0.1900,0.81,yes,FEDDECISION-23NOV-H0,3d8aad24-d4e3-440f-9056-beddc85bb105,0.81,0.8100
2023-09-27 03:01:06.803476+00:00,1,1.00,19,0.1900,0.81,yes,FEDDECISION-23NOV-H0,a61b2925-2836-443e-bde7-75e412a17206,0.81,0.8100
2023-09-27 12:00:43.154416+00:00,4707,4707.00,20,0.2000,0.8,yes,FEDDECISION-23NOV-H0,4f3571a2-889d-4704-9023-fc73be7f3202,0.8,0.8000
2023-09-27 23:53:17.851939+00:00,30,30.00,20,0.2000,0.8,yes,FEDDECISION-23NOV-H0,2390add4-8e1e-4667-b6af-d0707fbfd589,0.8,0.8000
2023-09-28 03:27:12.670859+00:00,30,30.00,20,0.2000,0.8,yes,FEDDECISION-23NOV-H0,4c0a59a5-189f-4598-bc0e-c73a09f3fea1,0.8,0.8000
2023-09-28 13:24:12.649187+00:00,30,30.00,20,0.2000,0.8,yes,FEDDECISION-23NOV-H0,14bb432c-8ad2-44a4-9a75-e3b2858f2fbe,0.8,0.8000
2023-09-28 14:05:01.058443+00:00,150,150.00,20,0.2000,0.8,yes,FEDDECISION-23NOV-H0,cc22e37b-d382-4357-b9cf-6922dba33894,0.8,0.8000
2023-09-28 22:51:23.233683+00:00,53,53.00,20,0.2000,0.8,yes,FEDDECISION-23NOV-H0,6829c1fa-d418-45e0-ac5b-c065b7e3192e,0.8,0.8000
2023-09-29 00:06:24.917061+00:00,1840,1840.00,19,0.1900,0.81,yes,FEDDECISION-23NOV-H0,95f829c2-b1e5-4d41-be2c-27af8b96b728,0.81,0.8100
2023-09-29 21:43:12.748218+00:00,30,30.00,6,0.0600,0.94,yes,FEDDECISION-23NOV-H0,bf621a06-e1ec-4337-bfaf-ed3133fb6c11,0.94,0.9400
2023-09-30 17:06:54.464775+00:00,25,25.00,11,0.1100,0.89,yes,FEDDECISION-23NOV-H0,bc276b5e-9f31-40ee-bb62-8fbacf7f8a18,0.89,0.8900
2023-10-01 16:57:57.662264+00:00,1,1.00,19,0.1900,0.81,yes,FEDDECISION-23NOV-H0,045c94c9-9cf4-4450-82ac-855f0305bce7,0.81,0.8100
2023-10-01 19:17:19.699049+00:00,6,6.00,19,0.1900,0.81,yes,FEDDECISION-23NOV-H0,52ba1747-f5f8-4292-9948-55cbb118e0fa,0.81,0.8100
2023-10-01 19:18:31.650044+00:00,42,42.00,19,0.1900,0.81,yes,FEDDECISION-23NOV-H0,02ab623f-957b-4f73-8db6-18085149e80c,0.81,0.8100
2023-10-01 23:33:02.157758+00:00,1,1.00,28,0.2800,0.72,no,FEDDECISION-23NOV-H0,90fb990d-21d3-4960-9a52-ab43cb6ec639,0.72,0.7200
2023-10-01 23:33:02.157758+00:00,1,1.00,25,0.2500,0.75,no,FEDDECISION-23NOV-H0,988917d1-d3f6-46d6-9482-3eb6b7ccb069,0.75,0.7500
2023-10-01 23:33:02.157758+00:00,1,1.00,28,0.2800,0.72,no,FEDDECISION-23NOV-H0,9e3bed6e-c165-46ee-96f6-2d4995a14047,0.72,0.7200
2023-10-01 23:33:02.157758+00:00,6,6.00,26,0.2600,0.74,no,FEDDECISION-23NOV-H0,af6abebc-cdcb-4a94-9d55-b734775eb137,0.74,0.7400
2023-10-01 23:33:02.157758+00:00,1,1.00,26,0.2600,0.74,no,FEDDECISION-23NOV-H0,b24134ed-a352-4ea6-bad4-a979466f4e4a,0.74,0.7400
2023-10-01 23:33:02.157758+00:00,2,2.00,25,0.2500,0.75,no,FEDDECISION-23NOV-H0,90820abe-df22-4b44-a3a4-dd183cd0acac,0.75,0.7500
2023-10-01 23:33:02.157758+00:00,10,10.00,25,0.2500,0.75,no,FEDDECISION-23NOV-H0,b892ec2c-4979-48b0-91fc-be7e2422f985,0.75,0.7500
2023-10-01 23:33:02.157758+00:00,2,2.00,27,0.2700,0.73,no,FEDDECISION-23NOV-H0,dd39a08a-3aba-4636-bc8b-bba854d0b16b,0.73,0.7300
2023-10-01 23:33:02.157758+00:00,36,36.00,24,0.2400,0.76,no,FEDDECISION-23NOV-H0,e21e6b91-4fd7-4de3-9948-8797b04b51b4,0.76,0.7600
2023-10-01 23:33:02.157758+00:00,2,2.00,28,0.2800,0.72,no,FEDDECISION-23NOV-H0,e2399924-af36-4438-bd0d-9fa4835c85af,0.72,0.7200
2023-10-01 23:33:02.157758+00:00,8,8.00,27,0.2700,0.73,no,FEDDECISION-23NOV-H0,e35595ee-3694-4695-9f97-f91fc470b736,0.73,0.7300
2023-10-01 23:33:02.157758+00:00,1,1.00,28,0.2800,0.72,no,FEDDECISION-23NOV-H0,e8abefec-65fc-48af-a61e-5b2abc241139,0.72,0.7200
2023-10-01 23:33:02.157758+00:00,2,2.00,28,0.2800,0.72,no,FEDDECISION-23NOV-H0,edb3748e-8566-400c-9d3e-b957e51dbee4,0.72,0.7200
2023-10-01 23:33:02.157758+00:00,4,4.00,28,0.2800,0.72,no,FEDDECISION-23NOV-H0,f40c2aca-0c87-478f-8ec6-ebd99a40e287,0.72,0.7200
2023-10-01 23:33:02.157758+00:00,2500,2500.00,27,0.2700,0.73,no,FEDDECISION-23NOV-H0,f5d29f32-6efd-49aa-a560-4ac2a1433412,0.73,0.7300
2023-10-01 23:33:02.157758+00:00,50,50.00,24,0.2400,0.76,no,FEDDECISION-23NOV-H0,c01d70fe-b728-4862-a0b4-1bca3c757f5b,0.76,0.7600
2023-10-01 23:33:02.157758+00:00,1,1.00,26,0.2600,0.74,no,FEDDECISION-23NOV-H0,85c2d6b3-b2c5-4bf8-87c4-c3d6504c7bff,0.74,0.7400
2023-10-01 23:33:02.157758+00:00,25,25.00,28,0.2800,0.72,no,FEDDECISION-23NOV-H0,b32a668a-7899-48ae-82d4-697847946d59,0.72,0.7200
2023-10-01 23:33:02.157758+00:00,1,1.00,28,0.2800,0.72,no,FEDDECISION-23NOV-H0,5f8a53a3-d61f-4bc6-a8b2-c30805f20e6e,0.72,0.7200
2023-10-01 23:33:02.157758+00:00,1,1.00,28,0.2800,0.72,no,FEDDECISION-23NOV-H0,605aa402-c87a-4a2e-a580-acec0f1bc093,0.72,0.7200
2023-10-01 23:33:02.157758+00:00,2,2.00,27,0.2700,0.73,no,FEDDECISION-23NOV-H0,034b0b72-21e6-4158-97fb-815be503fd27,0.73,0.7300
2023-10-01 23:33:02.157758+00:00,2,2.00,28,0.2800,0.72,no,FEDDECISION-23NOV-H0,05ca5f51-1a68-4f66-905b-97d902cbe7a5,0.72,0.7200
2023-10-01 23:33:02.157758+00:00,500,500.00,20,0.2000,0.8,no,FEDDECISION-23NOV-H0,12f9891b-9a22-4b18-8fd9-f251ea3948a2,0.8,0.8000
2023-10-01 23:33:02.157758+00:00,1,1.00,25,0.2500,0.75,no,FEDDECISION-23NOV-H0,15aa8789-ab4d-4da2-8916-9bdf1f134fc7,0.75,0.7500
2023-10-01 23:33:02.157758+00:00,15,15.00,25,0.2500,0.75,no,FEDDECISION-23NOV-H0,20817667-e919-432b-9d3e-3bd43b01a39c,0.75,0.7500
2023-10-01 23:33:02.157758+00:00,1,1.00,26,0.2600,0.74,no,FEDDECISION-23NOV-H0,27f8f87b-9666-4823-9d25-e5a34421eb95,0.74,0.7400
2023-10-01 23:33:02.157758+00:00,2,2.00,28,0.2800,0.72,no,FEDDECISION-23NOV-H0,2c63bf2e-42ea-4f25-8ae0-2ef19dfc6252,0.72,0.7200
2023-10-01 23:33:02.157758+00:00,5,5.00,28,0.2800,0.72,no,FEDDECISION-23NOV-H0,380682d1-9604-4812-87c7-8fbc1bc88e1f,0.72,0.7200
2023-10-01 23:33:02.157758+00:00,4,4.00,28,0.2800,0.72,no,FEDDECISION-23NOV-H0,b2f4fefe-7c8a-4037-98a4-e1a771fd9618,0.72,0.7200
2023-10-01 23:33:02.157758+00:00,1,1.00,28,0.2800,0.72,no,FEDDECISION-23NOV-H0,3af66b77-ae35-4b92-b1c1-d6ccb0d09975,0.72,0.7200
2023-10-01 23:33:02.157758+00:00,7,7.00,27,0.2700,0.73,no,FEDDECISION-23NOV-H0,57b3362c-f0e2-437e-b765-f0af7b351081,0.73,0.7300
2023-10-01 23:33:02.157758+00:00,787,787.00,29,0.2900,0.71,no,FEDDECISION-23NOV-H0,55beb514-4a46-4ff2-95ee-cf2213fe7fcc,0.71,0.7100
2023-10-01 23:33:02.157758+00:00,25,25.00,21,0.2100,0.79,no,FEDDECISION-23NOV-H0,53b73a21-1a7c-421b-a93f-5a3f21641cb8,0.79,0.7900
2023-10-01 23:33:02.157758+00:00,7,7.00,26,0.2600,0.74,no,FEDDECISION-23NOV-H0,5e75855b-a9b2-48ff-9b22-4d3ab93c2921,0.74,0.7400
2023-10-01 23:33:02.157758+00:00,1,1.00,27,0.2700,0.73,no,FEDDECISION-23NOV-H0,3cd59249-b225-44ce-909c-e7183be261a1,0.73,0.7300
2023-10-01 23:33:02.157758+00:00,10,10.00,29,0.2900,0.71,no,FEDDECISION-23NOV-H0,3a9066f1-a08d-4991-8a9e-d47bb47131db,0.71,0.7100
2023-10-01 23:33:02.157758+00:00,2,2.00,27,0.2700,0.73,no,FEDDECISION-23NOV-H0,3c4bfd55-06e8-441b-8f37-aac312edc7b7,0.73,0.7300
2023-10-01 23:33:02.157758+00:00,1,1.00,28,0.2800,0.72,no,FEDDECISION-23NOV-H0,4beeb0e5-c3f7-4ba6-89d0-70a7b9437533,0.72,0.7200
2023-10-01 23:39:30.336309+00:00,1007,1007.00,29,0.2900,0.71,no,FEDDECISION-23NOV-H0,5bf856d3-5f33-4e61-b400-2bbad4b4d660,0.71,0.7100
2023-10-02 00:28:47.158632+00:00,500,500.00,28,0.2800,0.72,no,FEDDECISION-23NOV-H0,8957c49d-3429-4955-b546-c403ed46f950,0.72,0.7200
2023-10-02 00:28:47.158632+00:00,507,507.00,29,0.2900,0.71,no,FEDDECISION-23NOV-H0,312f62b7-03b8-4efe-8278-0cd711e03b1b,0.71,0.7100
2023-10-02 01:00:05.710956+00:00,1000,1000.00,28,0.2800,0.72,no,FEDDECISION-23NOV-H0,72ad7754-a5c9-4c07-b96e-3ffb8981c6ce,0.72,0.7200
2023-10-02 01:01:39.835049+00:00,50,50.00,24,0.2400,0.76,yes,FEDDECISION-23NOV-H0,5187d13f-9450-45fb-856f-e0d27693da06,0.76,0.7600
2023-10-02 01:03:19.791960+00:00,751,751.00,28,0.2800,0.72,no,FEDDECISION-23NOV-H0,09cba68f-e1c2-4b30-b803-6e8639ffbf6f,0.72,0.7200
2023-10-02 01:03:19.791960+00:00,249,249.00,28,0.2800,0.72,no,FEDDECISION-23NOV-H0,bf058350-2e4c-4d31-ad73-f470dc3930d4,0.72,0.7200
2023-10-02 01:05:57.461434+00:00,555,555.00,29,0.2900,0.71,no,FEDDECISION-23NOV-H0,c0d5454c-cfd3-46da-aff1-cb69a3665bdb,0.71,0.7100
2023-10-02 01:05:57.461434+00:00,6,6.00,29,0.2900,0.71,no,FEDDECISION-23NOV-H0,4418d373-1d2e-45bc-9f04-4564d7f89158,0.71,0.7100
2023-10-02 01:05:57.461434+00:00,249,249.00,28,0.2800,0.72,no,FEDDECISION-23NOV-H0,73a84d81-2b73-4e40-9136-0c98c548cd0e,0.72,0.7200
2023-10-02 01:05:57.461434+00:00,210,210.00,30,0.3000,0.7,no,FEDDECISION-23NOV-H0,7d28a542-2fac-4360-b260-1ba9f8307bbc,0.7,0.7000
2023-10-02 02:14:59.183028+00:00,50,50.00,24,0.2400,0.76,yes,FEDDECISION-23NOV-H0,b7c8d748-a775-498d-bdbd-4ae71374e2ad,0.76,0.7600
2023-10-02 03:40:11.295124+00:00,66,66.00,24,0.2400,0.76,yes,FEDDECISION-23NOV-H0,6f0ee777-b121-4490-872f-a21977c58498,0.76,0.7600
2023-10-02 03:40:11.295124+00:00,833,833.00,22,0.2200,0.78,yes,FEDDECISION-23NOV-H0,e6c9d7e8-6221-4e8a-a359-e958704d9cb5,0.78,0.7800
2023-10-02 03:40:11.295124+00:00,833,833.00,21,0.2100,0.79,yes,FEDDECISION-23NOV-H0,2ba8b2a0-3162-4185-a1be-731e35cefa6c,0.79,0.7900
2023-10-02 03:41:16.813846+00:00,639,639.00,20,0.2000,0.8,yes,FEDDECISION-23NOV-H0,31dc0598-827d-4696-a5b6-c4ec57936913,0.8,0.8000
2023-10-02 12:53:25.016132+00:00,277,277.00,20,0.2000,0.8,yes,FEDDECISION-23NOV-H0,ccaf7694-2b48-4cc5-bbbc-b26e60c85041,0.8,0.8000
2023-10-02 12:53:25.051729+00:00,1,1.00,19,0.1900,0.81,yes,FEDDECISION-23NOV-H0,3351f60b-533c-4a5d-9f8a-2e7bc2a48a94,0.81,0.8100
2023-10-02 12:53:25.170966+00:00,277,277.00,18,0.1800,0.82,no,FEDDECISION-23NOV-H0,5916ed73-b186-4c2c-8ca1-f166d1a89d39,0.82,0.8200
2023-10-02 13:39:50.192849+00:00,1322,1322.00,18,0.1800,0.82,no,FEDDECISION-23NOV-H0,19f3cd82-2982-4901-9795-77ffaa0c2d88,0.82,0.8200
2023-10-02 13:39:50.192849+00:00,678,678.00,20,0.2000,0.8,no,FEDDECISION-23NOV-H0,dd64eae4-d35f-46cf-9a96-586cbb170193,0.8,0.8000
2023-10-02 13:39:50.192849+00:00,1000,1000.00,18,0.1800,0.82,no,FEDDECISION-23NOV-H0,ed320d1b-24a7-486b-9203-3cad3b172279,0.82,0.8200
2023-10-02 13:39:58.069850+00:00,1045,1045.00,20,0.2000,0.8,no,FEDDECISION-23NOV-H0,31d920a6-9907-4d35-a74b-5cc84e4c1c16,0.8,0.8000
2023-10-02 13:39:58.069850+00:00,955,955.00,20,0.2000,0.8,no,FEDDECISION-23NOV-H0,3ef95c5d-325a-4b58-b206-ad3e65691bd8,0.8,0.8000
2023-10-02 13:40:36.061042+00:00,400,400.00,21,0.2100,0.79,no,FEDDECISION-23NOV-H0,9056d168-0f7f-40ec-898a-cae599e9f7ba,0.79,0.7900
2023-10-02 13:40:36.061042+00:00,1600,1600.00,23,0.2300,0.77,no,FEDDECISION-23NOV-H0,9956d279-088c-45db-ab69-c1ac03ed8d65,0.77,0.7700
2023-10-02 13:40:45.571291+00:00,400,400.00,23,0.2300,0.77,no,FEDDECISION-23NOV-H0,7bea6430-a96f-41f9-ba48-275691e76ea2,0.77,0.7700
2023-10-02 13:40:45.571291+00:00,600,600.00,24,0.2400,0.76,no,FEDDECISION-23NOV-H0,0d32f59c-691b-40fa-9d74-3903d51e3f5c,0.76,0.7600
2023-10-02 13:40:50.733323+00:00,1000,1000.00,23,0.2300,0.77,no,FEDDECISION-23NOV-H0,c55f41a9-9b82-4ba7-a597-9818e64ebb93,0.77,0.7700
2023-10-02 13:40:57.998212+00:00,811,811.00,24,0.2400,0.76,no,FEDDECISION-23NOV-H0,f82b3a28-2be5-41ea-8428-072339bc7df1,0.76,0.7600
2023-10-02 13:40:57.998212+00:00,189,189.00,24,0.2400,0.76,no,FEDDECISION-23NOV-H0,85749fd9-5b9d-46d7-8ef6-760f8b0c4f53,0.76,0.7600
2023-10-02 13:41:35.243235+00:00,11,11.00,25,0.2500,0.75,no,FEDDECISION-23NOV-H0,7b82af75-7473-4b07-94ac-248f77878825,0.75,0.7500
2023-10-02 13:41:35.243235+00:00,800,800.00,24,0.2400,0.76,no,FEDDECISION-23NOV-H0,8a93a3da-0893-4970-ba5a-39de63f7bdc7,0.76,0.7600
2023-10-02 13:41:35.243235+00:00,1189,1189.00,24,0.2400,0.76,no,FEDDECISION-23NOV-H0,c0109bae-8caf-4d52-b03a-cc885687e004,0.76,0.7600
2023-10-02 13:41:46.934132+00:00,138,138.00,25,0.2500,0.75,yes,FEDDECISION-23NOV-H0,9505c31a-6f59-4d87-a731-5068e1d1cbc9,0.75,0.7500
2023-10-02 15:58:40.042822+00:00,23,23.00,23,0.2300,0.77,yes,FEDDECISION-23NOV-H0,29064c0b-cf8c-46a3-adf2-157188945da8,0.77,0.7700
2023-10-02 22:36:20.019428+00:00,1,1.00,24,0.2400,0.76,yes,FEDDECISION-23NOV-H0,b1f74d37-040c-4855-a255-5243c41ea06b,0.76,0.7600
2023-10-02 22:55:17.472763+00:00,1,1.00,24,0.2400,0.76,yes,FEDDECISION-23NOV-H0,9452c703-afb5-4c88-a935-5ef3fba10abe,0.76,0.7600
2023-10-03 12:58:49.689581+00:00,380,380.00,24,0.2400,0.76,yes,FEDDECISION-23NOV-H0,e364747c-4048-42a2-968c-731e533f7fb0,0.76,0.7600
2023-10-03 14:03:33.737442+00:00,7,7.00,28,0.2800,0.72,no,FEDDECISION-23NOV-H0,59a3f817-7150-46e5-9b3b-947f67f33047,0.72,0.7200
2023-10-03 14:03:33.737442+00:00,1000,1000.00,28,0.2800,0.72,no,FEDDECISION-23NOV-H0,cfaf1b0c-bf22-4b15-ba90-0ff4de73b72e,0.72,0.7200
2023-10-03 14:42:20.821150+00:00,2,2.00,31,0.3100,0.69,no,FEDDECISION-23NOV-H0,865f7286-0065-4843-9697-40ec3c866ab4,0.69,0.6900
2023-10-03 16:06:53.774191+00:00,100,100.00,30,0.3000,0.7,no,FEDDECISION-23NOV-H0,d2ad8b9e-4041-497c-9a86-166a8ef12397,0.7,0.7000
2023-10-03 17:49:25.792846+00:00,255,255.00,30,0.3000,0.7,yes,FEDDECISION-23NOV-H0,1c85d36d-0509-41c5-ac28-dbfd77e361ec,0.7,0.7000
2023-10-03 18:10:56.390970+00:00,50,50.00,34,0.3400,0.66,no,FEDDECISION-23NOV-H0,b5558cbd-ecb1-41a2-9539-f8103879cfe8,0.66,0.6600
2023-10-04 00:46:43.212678+00:00,10,10.00,29,0.2900,0.71,yes,FEDDECISION-23NOV-H0,bfb1d04d-e3f0-47c1-a843-4224c37af78d,0.71,0.7100
2023-10-04 00:50:21.554700+00:00,69,69.00,29,0.2900,0.71,yes,FEDDECISION-23NOV-H0,25118de7-48c9-4439-81bf-b82e8a9325d7,0.71,0.7100
2023-10-04 01:18:57.781356+00:00,17,17.00,29,0.2900,0.71,yes,FEDDECISION-23NOV-H0,9b44036e-7742-4eea-8888-8b46da313af0,0.71,0.7100
2023-10-04 12:30:31.934694+00:00,150,150.00,28,0.2800,0.72,yes,FEDDECISION-23NOV-H0,693bf603-e5e8-467a-ad2d-e3c53d2311fe,0.72,0.7200
2023-10-04 12:31:09.675146+00:00,150,150.00,28,0.2800,0.72,yes,FEDDECISION-23NOV-H0,95ca756b-7967-4b83-aa9b-04664af9824f,0.72,0.7200
2023-10-04 12:33:10.330353+00:00,100,100.00,28,0.2800,0.72,yes,FEDDECISION-23NOV-H0,a66b9f4b-c189-45d8-97a2-cfb21fd08d0f,0.72,0.7200
2023-10-04 12:33:22.205254+00:00,455,455.00,28,0.2800,0.72,no,FEDDECISION-23NOV-H0,b2d10eb1-9fb3-46b8-8a24-d4c438f869c5,0.72,0.7200
2023-10-04 14:27:08.957552+00:00,20,20.00,31,0.3100,0.69,no,FEDDECISION-23NOV-H0,7a370fcc-f3e9-4157-9bb1-e9ad7e34df6b,0.69,0.6900
2023-10-04 14:27:08.957552+00:00,555,555.00,31,0.3100,0.69,no,FEDDECISION-23NOV-H0,8e578f2f-9167-412b-884f-4406d4a794d8,0.69,0.6900
2023-10-04 14:27:08.957552+00:00,45,45.00,31,0.3100,0.69,no,FEDDECISION-23NOV-H0,eb5153cc-ddab-4196-9e3b-1628a2d74071,0.69,0.6900
2023-10-04 14:28:41.066443+00:00,1000,1000.00,25,0.2500,0.75,yes,FEDDECISION-23NOV-H0,2921d990-ffc3-4057-b656-6a984ee42858,0.75,0.7500
2023-10-04 14:28:41.066443+00:00,118,118.00,24,0.2400,0.76,yes,FEDDECISION-23NOV-H0,5c7fe8b4-d7ea-4d7b-98f6-b00355349159,0.76,0.7600
2023-10-04 16:07:44.618811+00:00,555,555.00,28,0.2800,0.72,no,FEDDECISION-23NOV-H0,43f16fce-903d-46b9-9fe3-899b0aa05d14,0.72,0.7200
2023-10-04 16:07:44.618811+00:00,20,20.00,28,0.2800,0.72,no,FEDDECISION-23NOV-H0,29f5efc0-8217-4fff-9d00-42b22113098b,0.72,0.7200
2023-10-04 20:23:37.083971+00:00,6,6.00,24,0.2400,0.76,yes,FEDDECISION-23NOV-H0,5bd600e1-6276-4e42-8614-d61412ccfb79,0.76,0.7600
2023-10-05 03:43:28.197685+00:00,50,50.00,24,0.2400,0.76,yes,FEDDECISION-23NOV-H0,fee2ab9b-c9be-44cc-bea8-c2b938678781,0.76,0.7600
2023-10-05 16:10:58.341908+00:00,450,450.00,23,0.2300,0.77,yes,FEDDECISION-23NOV-H0,3c0d3887-1547-47d9-8a2f-a5ac919724e1,0.77,0.7700
2023-10-05 16:10:58.341908+00:00,174,174.00,24,0.2400,0.76,yes,FEDDECISION-23NOV-H0,8ed578a9-8436-4888-a7e7-aca446357001,0.76,0.7600
2023-10-05 16:10:58.341908+00:00,314,314.00,22,0.2200,0.78,yes,FEDDECISION-23NOV-H0,b001d202-a40b-41a5-95c2-1518eb60df92,0.78,0.7800
2023-10-05 16:10:58.341908+00:00,69,69.00,24,0.2400,0.76,yes,FEDDECISION-23NOV-H0,f31f5131-ab2a-4285-b7dc-41779af08bc3,0.76,0.7600
2023-10-05 16:16:45.996855+00:00,147,147.00,22,0.2200,0.78,yes,FEDDECISION-23NOV-H0,211c6b59-31c7-472f-be59-f18924f5949c,0.78,0.7800
2023-10-05 16:16:45.996855+00:00,174,174.00,23,0.2300,0.77,yes,FEDDECISION-23NOV-H0,8019983c-55fd-42e5-8edb-1a54324aa25a,0.77,0.7700
2023-10-05 16:16:45.996855+00:00,686,686.00,22,0.2200,0.78,yes,FEDDECISION-23NOV-H0,9e7808bf-7cbe-44c3-8e9d-536f30ce669d,0.78,0.7800
2023-10-05 16:17:27.125799+00:00,1007,1007.00,22,0.2200,0.78,yes,FEDDECISION-23NOV-H0,ffb1ff31-4265-46af-85e9-9170d3065d56,0.78,0.7800
2023-10-05 16:17:56.074491+00:00,548,548.00,22,0.2200,0.78,yes,FEDDECISION-23NOV-H0,fe1d856d-4294-4797-8be8-bacd0038479e,0.78,0.7800
2023-10-05 16:17:56.074491+00:00,459,459.00,21,0.2100,0.79,yes,FEDDECISION-23NOV-H0,a93c55c7-9ab2-41f1-a5fb-ff99f7f20264,0.79,0.7900
2023-10-05 16:33:15.532660+00:00,1007,1007.00,22,0.2200,0.78,yes,FEDDECISION-23NOV-H0,8180f4de-243c-4e49-83b2-8660372891cf,0.78,0.7800
2023-10-05 16:35:07.611375+00:00,300,300.00,22,0.2200,0.78,yes,FEDDECISION-23NOV-H0,1aab6203-9e5a-4fd7-9664-28d97f6f5ca0,0.78,0.7800
2023-10-05 16:35:07.611375+00:00,549,549.00,22,0.2200,0.78,yes,FEDDECISION-23NOV-H0,7ccff0c6-a009-4c37-a540-2d5126baad45,0.78,0.7800
2023-10-05 16:35:07.611375+00:00,34,34.00,22,0.2200,0.78,yes,FEDDECISION-23NOV-H0,7fc8f89a-5bf6-41a5-9f51-18767fd90e87,0.78,0.7800
2023-10-05 16:35:07.611375+00:00,41,41.00,21,0.2100,0.79,yes,FEDDECISION-23NOV-H0,f12cc1be-0851-43b3-81ac-4ec5214a97a7,0.79,0.7900
2023-10-05 16:35:07.611375+00:00,83,83.00,20,0.2000,0.8,yes,FEDDECISION-23NOV-H0,04441ac4-688a-410a-bd14-4127fda9a30b,0.8,0.8000
2023-10-05 17:59:04.781897+00:00,41,41.00,24,0.2400,0.76,no,FEDDECISION-23NOV-H0,563a8834-58f7-4377-862d-944353399dde,0.76,0.7600
2023-10-06 12:30:58.385584+00:00,25,25.00,29,0.2900,0.71,no,FEDDECISION-23NOV-H0,e590d3fc-af23-4fe7-9a5b-d43eeacab498,0.71,0.7100
2023-10-06 12:33:11.419316+00:00,75,75.00,34,0.3400,0.66,no,FEDDECISION-23NOV-H0,836a1857-c072-409f-a1c1-d14e3ac1b8d0,0.66,0.6600
2023-10-06 13:41:39.584447+00:00,10,10.00,28,0.2800,0.72,yes,FEDDECISION-23NOV-H0,85762d2f-9695-432d-9e6a-dd3501bd20fe,0.72,0.7200
2023-10-06 13:42:29.486611+00:00,13,13.00,29,0.2900,0.71,no,FEDDECISION-23NOV-H0,5f46a61d-7591-4f9a-ba36-fbd61bab4a78,0.71,0.7100
2023-10-06 13:44:35.312246+00:00,3,3.00,29,0.2900,0.71,no,FEDDECISION-23NOV-H0,5ab71537-d057-4bcf-8ee8-b19616299cec,0.71,0.7100
2023-10-06 13:47:46.960280+00:00,25,25.00,29,0.2900,0.71,no,FEDDECISION-23NOV-H0,d524fda2-011d-41d5-ba66-3bba9e7da00b,0.71,0.7100
2023-10-06 13:47:48.753659+00:00,22,22.00,29,0.2900,0.71,no,FEDDECISION-23NOV-H0,9648a1d7-629a-4145-a8bd-9ac43b9db7a6,0.71,0.7100
2023-10-06 14:13:16.541658+00:00,25,25.00,29,0.2900,0.71,no,FEDDECISION-23NOV-H0,d2cd2176-23fd-4098-acf0-a3a213fe8d5a,0.71,0.7100
2023-10-06 14:13:18.328330+00:00,25,25.00,29,0.2900,0.71,no,FEDDECISION-23NOV-H0,d78e2d38-4938-4686-a58f-4daa887db133,0.71,0.7100
2023-10-06 14:13:20.148896+00:00,25,25.00,29,0.2900,0.71,no,FEDDECISION-23NOV-H0,0ef29d47-867b-48f2-9b66-68530cd67e8b,0.71,0.7100
2023-10-06 14:13:22.004544+00:00,25,25.00,29,0.2900,0.71,no,FEDDECISION-23NOV-H0,2345d5a8-5d85-4de5-8092-2c32886de0ff,0.71,0.7100
2023-10-06 14:13:23.768847+00:00,25,25.00,29,0.2900,0.71,no,FEDDECISION-23NOV-H0,c8207cff-a1a6-46f9-9e91-ee098270810b,0.71,0.7100
2023-10-06 14:13:25.652321+00:00,25,25.00,29,0.2900,0.71,no,FEDDECISION-23NOV-H0,1854b82b-7524-497f-9b42-f704a29f3ccb,0.71,0.7100
2023-10-06 14:13:27.453596+00:00,25,25.00,29,0.2900,0.71,no,FEDDECISION-23NOV-H0,d9d01616-e1b0-4163-8a4b-b51054a4bf52,0.71,0.7100
2023-10-06 14:13:29.243124+00:00,25,25.00,29,0.2900,0.71,no,FEDDECISION-23NOV-H0,4d39f0d9-83e8-4655-8134-252bdf2d6eda,0.71,0.7100
2023-10-06 14:13:31.076155+00:00,25,25.00,29,0.2900,0.71,no,FEDDECISION-23NOV-H0,8f5f002a-5fd3-4ed2-b56d-625c6e483933,0.71,0.7100
2023-10-06 14:13:32.858122+00:00,25,25.00,29,0.2900,0.71,no,FEDDECISION-23NOV-H0,603ba45e-436a-4339-a4b1-981586eb0484,0.71,0.7100
2023-10-06 14:13:34.641470+00:00,25,25.00,29,0.2900,0.71,no,FEDDECISION-23NOV-H0,ef87a26e-1f5d-4379-ac47-c6097e2d3cfe,0.71,0.7100
2023-10-06 14:13:36.367343+00:00,25,25.00,29,0.2900,0.71,no,FEDDECISION-23NOV-H0,682598b5-e946-4d1b-8107-b8cb08b8bf32,0.71,0.7100
2023-10-06 14:13:38.203883+00:00,25,25.00,29,0.2900,0.71,no,FEDDECISION-23NOV-H0,c71b2f86-d262-49ee-b61f-46f1b2d432a3,0.71,0.7100
2023-10-06 14:13:39.941604+00:00,25,25.00,29,0.2900,0.71,no,FEDDECISION-23NOV-H0,6b5b1403-629a-4cba-888c-e1865b8332a3,0.71,0.7100
2023-10-06 14:13:41.854472+00:00,25,25.00,29,0.2900,0.71,no,FEDDECISION-23NOV-H0,24b35908-3fcf-406b-bc61-fe44e2776857,0.71,0.7100
2023-10-06 14:13:43.637749+00:00,25,25.00,29,0.2900,0.71,no,FEDDECISION-23NOV-H0,091e7a86-d31c-4b00-9826-da68f6daf629,0.71,0.7100
2023-10-06 14:13:45.353980+00:00,25,25.00,29,0.2900,0.71,no,FEDDECISION-23NOV-H0,66819107-49dd-4f16-a40d-97af5fd5751d,0.71,0.7100
2023-10-06 14:13:47.139091+00:00,25,25.00,29,0.2900,0.71,no,FEDDECISION-23NOV-H0,17f8cd96-315b-4c75-80f7-22e2cadef9d7,0.71,0.7100
2023-10-06 14:13:48.972073+00:00,25,25.00,29,0.2900,0.71,no,FEDDECISION-23NOV-H0,096ba2fe-58a2-4be2-b875-9e3fc7450c79,0.71,0.7100
2023-10-06 14:55:18.891667+00:00,5,5.00,32,0.3200,0.68,yes,FEDDECISION-23NOV-H0,5946b02b-8e12-4d7a-a6de-6389d42f4bf1,0.68,0.6800
2023-10-06 15:06:57.302488+00:00,19,19.00,30,0.3000,0.7,yes,FEDDECISION-23NOV-H0,8e350851-590f-4e2f-8354-f48573438109,0.7,0.7000
2023-10-06 15:06:57.302488+00:00,105,105.00,32,0.3200,0.68,yes,FEDDECISION-23NOV-H0,b0184f86-9859-4caf-9585-9008f3553381,0.68,0.6800
2023-10-06 15:22:38.246800+00:00,550,550.00,31,0.3100,0.69,yes,FEDDECISION-23NOV-H0,2d33e920-5105-4b41-a871-7e52962d1732,0.69,0.6900
2023-10-06 18:17:25.673180+00:00,200,200.00,32,0.3200,0.68,yes,FEDDECISION-23NOV-H0,09a6efc8-a56d-444e-9b32-9ef4c159f5d9,0.68,0.6800
2023-10-06 20:30:02.134956+00:00,275,275.00,32,0.3200,0.68,yes,FEDDECISION-23NOV-H0,5c341a02-5770-4824-b57b-c77853833eda,0.68,0.6800
2023-10-06 22:21:01.129245+00:00,150,150.00,31,0.3100,0.69,yes,FEDDECISION-23NOV-H0,0bdab917-08d5-488a-9b57-eb39e04eeb8a,0.69,0.6900
2023-10-06 22:21:14.886858+00:00,150,150.00,31,0.3100,0.69,yes,FEDDECISION-23NOV-H0,a23ec37c-109f-46b7-ab5d-df1b16e6ed4d,0.69,0.6900
2023-10-06 22:25:11.160441+00:00,275,275.00,31,0.3100,0.69,yes,FEDDECISION-23NOV-H0,574ee39c-f3b1-4109-a8f0-373ab92b5a03,0.69,0.6900
2023-10-06 22:25:23.276499+00:00,400,400.00,31,0.3100,0.69,yes,FEDDECISION-23NOV-H0,0e1dc32a-c30f-4a72-83ba-1268408676f1,0.69,0.6900
2023-10-06 22:27:59.865384+00:00,800,800.00,30,0.3000,0.7,yes,FEDDECISION-23NOV-H0,79e6b629-caee-4c81-907c-3ae722f09f3a,0.7,0.7000
2023-10-06 22:58:59.062336+00:00,150,150.00,28,0.2800,0.72,yes,FEDDECISION-23NOV-H0,86fe96cf-c685-4830-8e80-6c8a9f578b83,0.72,0.7200
2023-10-06 23:03:02.028309+00:00,16,16.00,28,0.2800,0.72,yes,FEDDECISION-23NOV-H0,7406a634-c0f0-4f0b-967b-b587b3fbf101,0.72,0.7200
2023-10-07 01:54:18.955751+00:00,150,150.00,28,0.2800,0.72,yes,FEDDECISION-23NOV-H0,95c408bc-a5e4-4ff3-8a93-36992faad42b,0.72,0.7200
2023-10-08 14:21:49.429947+00:00,5,5.00,28,0.2800,0.72,yes,FEDDECISION-23NOV-H0,9a403831-ad3d-4c8c-a155-7cf4c0690434,0.72,0.7200
2023-10-08 22:56:26.813878+00:00,245,245.00,28,0.2800,0.72,yes,FEDDECISION-23NOV-H0,1ec2ca90-095d-4b4b-a89f-1dbc3f477251,0.72,0.7200
2023-10-08 22:56:48.972146+00:00,1250,1250.00,28,0.2800,0.72,yes,FEDDECISION-23NOV-H0,4059181c-5d09-473d-b4b6-c6d04d70896f,0.72,0.7200
2023-10-08 22:57:14.123208+00:00,500,500.00,27,0.2700,0.73,yes,FEDDECISION-23NOV-H0,98185ec7-fa1c-4ead-86c9-350a44f2b355,0.73,0.7300
2023-10-08 23:00:17.779159+00:00,1000,1000.00,26,0.2600,0.74,yes,FEDDECISION-23NOV-H0,1e70ef96-0c1c-4776-b348-48f08c6f3d71,0.74,0.7400
2023-10-08 23:00:17.779159+00:00,7,7.00,24,0.2400,0.76,yes,FEDDECISION-23NOV-H0,9038a044-44ee-43db-9756-5b7ea4021b33,0.76,0.7600
2023-10-08 23:00:27.550995+00:00,1004,1004.00,24,0.2400,0.76,yes,FEDDECISION-23NOV-H0,c5f708b7-cbba-405e-bdf9-ff5b8a5452c1,0.76,0.7600
2023-10-08 23:00:27.550995+00:00,3,3.00,24,0.2400,0.76,yes,FEDDECISION-23NOV-H0,55bfae58-ccf9-460f-b4a6-586bff6580f3,0.76,0.7600
2023-10-08 23:00:52.732316+00:00,250,250.00,24,0.2400,0.76,yes,FEDDECISION-23NOV-H0,39a440c3-6858-4b4e-970a-1125160f5436,0.76,0.7600
2023-10-08 23:00:52.732316+00:00,757,757.00,23,0.2300,0.77,yes,FEDDECISION-23NOV-H0,bfcddcf3-db5b-43b2-877a-6bb3c2f2f127,0.77,0.7700
2023-10-08 23:02:05.505681+00:00,125,125.00,22,0.2200,0.78,yes,FEDDECISION-23NOV-H0,5834c17f-8c8b-4cb6-a99b-1d8110819ef4,0.78,0.7800
2023-10-08 23:02:05.505681+00:00,824,824.00,22,0.2200,0.78,yes,FEDDECISION-23NOV-H0,df311543-fe2c-4503-a0f7-e7121863e8d9,0.78,0.7800
2023-10-08 23:02:51.823136+00:00,393,393.00,21,0.2100,0.79,yes,FEDDECISION-23NOV-H0,6e54b60d-17b7-4f77-9dec-debb73176eb1,0.79,0.7900
2023-10-08 23:02:51.823136+00:00,614,614.00,21,0.2100,0.79,yes,FEDDECISION-23NOV-H0,7e9f5f11-f98c-4d86-b836-ba74715b2ca3,0.79,0.7900
2023-10-09 14:12:42.353112+00:00,12,12.00,22,0.2200,0.78,yes,FEDDECISION-23NOV-H0,053cc70b-66b9-44bf-ab1d-9c7b6bb0b3b2,0.78,0.7800
2023-10-09 14:13:47.197031+00:00,600,600.00,22,0.2200,0.78,yes,FEDDECISION-23NOV-H0,15b4c0a6-9a1d-4353-ba30-6e3f5641ab43,0.78,0.7800
2023-10-09 14:13:47.197031+00:00,407,407.00,21,0.2100,0.79,yes,FEDDECISION-23NOV-H0,58ecdc2a-6e09-408c-914c-b46c845247f4,0.79,0.7900
2023-10-09 14:14:45.501967+00:00,600,600.00,19,0.1900,0.81,yes,FEDDECISION-23NOV-H0,84570d6c-81e1-4761-b99e-b7d218fb8892,0.81,0.8100
2023-10-09 14:14:45.501967+00:00,407,407.00,18,0.1800,0.82,yes,FEDDECISION-23NOV-H0,bcf9e1e1-fce1-44e0-9754-19619909371e,0.82,0.8200
2023-10-09 15:06:46.149475+00:00,7,7.00,18,0.1800,0.82,yes,FEDDECISION-23NOV-H0,fc3caaac-e5a6-4937-ae72-45800b5cf9b3,0.82,0.8200
2023-10-09 15:06:46.149475+00:00,1000,1000.00,19,0.1900,0.81,yes,FEDDECISION-23NOV-H0,55274c4f-9a90-47bd-869c-f917eea58333,0.81,0.8100
2023-10-09 15:15:19.854914+00:00,807,807.00,17,0.1700,0.83,yes,FEDDECISION-23NOV-H0,e56bc48f-c492-42be-aafc-1e1119213eb9,0.83,0.8300
2023-10-09 15:15:19.854914+00:00,200,200.00,18,0.1800,0.82,yes,FEDDECISION-23NOV-H0,df18fad0-6829-4fe3-8156-fa37b86bce04,0.82,0.8200
2023-10-09 16:31:03.980827+00:00,31,31.00,15,0.1500,0.85,yes,FEDDECISION-23NOV-H0,b5c8c9d4-3776-4e09-9848-d9ab4a270b3a,0.85,0.8500
2023-10-09 17:18:33.801905+00:00,19,19.00,15,0.1500,0.85,yes,FEDDECISION-23NOV-H0,55803352-1a3a-4a77-acf8-4a694723f382,0.85,0.8500
2023-10-09 17:32:02.805936+00:00,500,500.00,14,0.1400,0.86,yes,FEDDECISION-23NOV-H0,5147a50b-ca4f-4d31-8735-ac309b1a663c,0.86,0.8600
2023-10-09 17:32:12.034687+00:00,500,500.00,13,0.1300,0.87,yes,FEDDECISION-23NOV-H0,d88d423a-e593-4a77-b320-75b4e2d87bc9,0.87,0.8700
2023-10-10 14:01:36.498486+00:00,250,250.00,16,0.1600,0.84,yes,FEDDECISION-23NOV-H0,2cdaae30-1ebf-43b7-b465-c17fe084fb1f,0.84,0.8400
2023-10-10 14:11:32.770142+00:00,100,100.00,15,0.1500,0.85,yes,FEDDECISION-23NOV-H0,41db5eba-8015-4e0c-8218-d176cf9f094f,0.85,0.8500
2023-10-10 17:25:12.587355+00:00,1,1.00,12,0.1200,0.88,yes,FEDDECISION-23NOV-H0,8f8bdaa8-2fd2-48c5-b928-5dcf2d4d2640,0.88,0.8800
2023-10-10 17:59:42.290998+00:00,10,10.00,19,0.1900,0.81,no,FEDDECISION-23NOV-H0,56770bd3-560b-43f5-b4a2-753faf24b3c7,0.81,0.8100
2023-10-10 18:00:11.105329+00:00,10,10.00,19,0.1900,0.81,no,FEDDECISION-23NOV-H0,d63ebb63-5c24-4b4a-b7ef-e2ed4a3883b4,0.81,0.8100
2023-10-10 18:00:28.989515+00:00,10,10.00,19,0.1900,0.81,no,FEDDECISION-23NOV-H0,ccf84475-5bad-49e8-8c73-cb69137406d2,0.81,0.8100
2023-10-10 18:00:33.996578+00:00,5,5.00,19,0.1900,0.81,no,FEDDECISION-23NOV-H0,5805edca-2eb1-4238-8226-94cec60d675f,0.81,0.8100
2023-10-10 18:00:34.112764+00:00,5,5.00,19,0.1900,0.81,yes,FEDDECISION-23NOV-H0,a1d44d4e-d7e7-4524-a8e1-550c14293497,0.81,0.8100
2023-10-10 18:00:45.194198+00:00,10,10.00,19,0.1900,0.81,yes,FEDDECISION-23NOV-H0,666c55b5-8c3b-410b-ae22-04d9f8de2cd1,0.81,0.8100
2023-10-10 18:00:56.776303+00:00,10,10.00,20,0.2000,0.8,no,FEDDECISION-23NOV-H0,bf915d7b-aee5-424a-998a-f08a3da2f698,0.8,0.8000
2023-10-10 18:00:58.388877+00:00,10,10.00,20,0.2000,0.8,no,FEDDECISION-23NOV-H0,c97404c4-0603-4d3d-a309-775d990657d9,0.8,0.8000
2023-10-10 18:01:07.197465+00:00,5,5.00,12,0.1200,0.88,yes,FEDDECISION-23NOV-H0,c151ebd3-a622-4f8f-8cc5-a5e667d5af87,0.88,0.8800
2023-10-10 18:01:13.696492+00:00,10,10.00,20,0.2000,0.8,no,FEDDECISION-23NOV-H0,4c6f94d0-4472-497b-a7cf-b7f2c48f2cf9,0.8,0.8000
2023-10-10 18:01:23.881907+00:00,5,5.00,20,0.2000,0.8,no,FEDDECISION-23NOV-H0,42f76719-5f5a-4c01-afe2-9c0e809d447c,0.8,0.8000
2023-10-10 18:01:51.696339+00:00,100,100.00,20,0.2000,0.8,no,FEDDECISION-23NOV-H0,9e1f509f-3b46-4841-9a22-05349e122f25,0.8,0.8000
2023-10-10 18:01:51.789954+00:00,7,7.00,19,0.1900,0.81,yes,FEDDECISION-23NOV-H0,18b1c896-44d8-43c4-8438-a8f99d7a33ac,0.81,0.8100
2023-10-10 18:02:56.167719+00:00,3,3.00,19,0.1900,0.81,yes,FEDDECISION-23NOV-H0,8016b50c-e4be-4258-906d-21cd247b3be7,0.81,0.8100
2023-10-10 18:02:56.167719+00:00,10,10.00,19,0.1900,0.81,yes,FEDDECISION-23NOV-H0,fce4450c-23b9-4c7d-a411-b01cf1a69c45,0.81,0.8100
2023-10-10 18:05:08.371624+00:00,10,10.00,20,0.2000,0.8,no,FEDDECISION-23NOV-H0,d20ea912-e40a-4c13-820c-ec4bb2f29404,0.8,0.8000
2023-10-10 18:09:14.373506+00:00,10,10.00,20,0.2000,0.8,no,FEDDECISION-23NOV-H0,bd41ab8a-aced-40d9-9470-c29bff9369d4,0.8,0.8000
2023-10-10 18:09:29.181078+00:00,10,10.00,20,0.2000,0.8,no,FEDDECISION-23NOV-H0,d85b0ccc-831b-43d4-a0de-335cdbd6754a,0.8,0.8000
2023-10-10 18:10:59.138820+00:00,10,10.00,20,0.2000,0.8,no,FEDDECISION-23NOV-H0,0a150e4e-990e-4710-be9a-ac139226e001,0.8,0.8000
2023-10-10 18:14:50.105394+00:00,9,9.00,20,0.2000,0.8,no,FEDDECISION-23NOV-H0,bb5e374f-7ec5-4974-aeb2-60ef861d7bd6,0.8,0.8000
2023-10-10 18:28:16.109878+00:00,10,10.00,20,0.2000,0.8,no,FEDDECISION-23NOV-H0,f57f3943-651e-4177-ac78-911e0e49c578,0.8,0.8000
2023-10-10 18:36:36.710016+00:00,20,20.00,20,0.2000,0.8,no,FEDDECISION-23NOV-H0,54eee882-aa40-44ba-b31e-3cd0fd41a9cc,0.8,0.8000
2023-10-10 18:47:01.599293+00:00,9,9.00,20,0.2000,0.8,no,FEDDECISION-23NOV-H0,02b39c7c-4ede-4c07-b277-68159c3a48dd,0.8,0.8000
2023-10-10 19:09:04.218738+00:00,94,94.00,20,0.2000,0.8,no,FEDDECISION-23NOV-H0,9ef1adb1-c2f7-472e-8969-bba9cd311c6a,0.8,0.8000
2023-10-10 19:46:40.665896+00:00,360,360.00,15,0.1500,0.85,yes,FEDDECISION-23NOV-H0,fed4a00a-c4cf-4e60-80e5-bdfe02040bd0,0.85,0.8500
2023-10-10 19:47:02.479355+00:00,840,840.00,14,0.1400,0.86,yes,FEDDECISION-23NOV-H0,a08a3207-051c-4959-9c22-520d792f1c92,0.86,0.8600
2023-10-10 20:25:28.925302+00:00,20,20.00,13,0.1300,0.87,yes,FEDDECISION-23NOV-H0,7d8305e8-1d2f-4420-a654-3827c0bececf,0.87,0.8700
2023-10-10 22:05:16.023313+00:00,3,3.00,13,0.1300,0.87,yes,FEDDECISION-23NOV-H0,89ac6979-e919-4d3e-9cf0-541b2845580b,0.87,0.8700
2023-10-11 13:47:46.457624+00:00,357,357.00,13,0.1300,0.87,yes,FEDDECISION-23NOV-H0,f2a80849-bac4-4437-b21d-a2e33f14aece,0.87,0.8700
2023-10-11 13:48:02.559016+00:00,720,720.00,12,0.1200,0.88,yes,FEDDECISION-23NOV-H0,1e9aa1ae-b9f2-49e7-82b7-c0bbf7522161,0.88,0.8800
2023-10-11 13:48:56.722291+00:00,360,360.00,11,0.1100,0.89,yes,FEDDECISION-23NOV-H0,a979d56e-c9b3-407b-bc9a-201b95b0de24,0.89,0.8900
2023-10-11 14:18:14.234412+00:00,30,30.00,13,0.1300,0.87,no,FEDDECISION-23NOV-H0,f4619506-dda1-486a-ad86-9b684005e8ee,0.87,0.8700
2023-10-11 18:06:19.891822+00:00,12,12.00,10,0.1000,0.9,yes,FEDDECISION-23NOV-H0,63a4a684-1daa-45d2-a609-5fe9a00aac85,0.9,0.9000
2023-10-11 18:06:19.891822+00:00,12,12.00,10,0.1000,0.9,yes,FEDDECISION-23NOV-H0,04bc8691-c79a-48de-b269-00a8d217e1a6,0.9,0.9000
2023-10-11 19:45:29.183182+00:00,20,20.00,13,0.1300,0.87,no,FEDDECISION-23NOV-H0,daf6be6b-83a4-46ce-8ea9-68a1294ffa9d,0.87,0.8700
2023-10-11 19:45:34.349079+00:00,9,9.00,13,0.1300,0.87,no,FEDDECISION-23NOV-H0,c902cb18-78ce-40be-9469-9e116e6e43ce,0.87,0.8700
2023-10-11 20:34:00.382899+00:00,142,142.00,13,0.1300,0.87,no,FEDDECISION-23NOV-H0,5a08a37e-127a-4323-81f8-3e751d4fa90d,0.87,0.8700
2023-10-12 03:08:55.460639+00:00,2,2.00,8,0.0800,0.92,yes,FEDDECISION-23NOV-H0,b0c58e0c-53b0-49db-9133-018a5f2b8aa1,0.92,0.9200
2023-10-12 03:40:12.704458+00:00,70,70.00,8,0.0800,0.92,yes,FEDDECISION-23NOV-H0,685f44b1-61a2-4bc2-88c4-af2bdbc27c8b,0.92,0.9200
2023-10-12 17:43:34.411670+00:00,5,5.00,9,0.0900,0.91,yes,FEDDECISION-23NOV-H0,91cfc90e-b1a0-4177-89ad-372bccae691e,0.91,0.9100
2023-10-12 19:08:00.598201+00:00,25,25.00,13,0.1300,0.87,no,FEDDECISION-23NOV-H0,bf525933-496f-4184-8cbe-0aae2b6521b3,0.87,0.8700
2023-10-12 20:28:23.366418+00:00,20,20.00,8,0.0800,0.92,yes,FEDDECISION-23NOV-H0,3cb88745-dc46-43c9-b9f7-ffb9ebf11db4,0.92,0.9200
2023-10-12 20:28:23.366418+00:00,515,515.00,9,0.0900,0.91,yes,FEDDECISION-23NOV-H0,6ae2915f-d131-4c72-a581-f94f6f4d732c,0.91,0.9100
2023-10-12 20:28:23.366418+00:00,165,165.00,7,0.0700,0.93,yes,FEDDECISION-23NOV-H0,c96c9a37-b010-4a05-8c19-f0388916605d,0.93,0.9300
2023-10-12 20:35:32.478349+00:00,249,249.00,13,0.1300,0.87,no,FEDDECISION-23NOV-H0,9b1fcfa3-a09e-4e90-97e2-1c23466d11d4,0.87,0.8700
2023-10-12 22:00:05.262279+00:00,700,700.00,8,0.0800,0.92,yes,FEDDECISION-23NOV-H0,e4b1b5da-fd80-43e2-b809-0fb5a02c7913,0.92,0.9200
2023-10-12 23:05:04.298154+00:00,400,400.00,8,0.0800,0.92,yes,FEDDECISION-23NOV-H0,c6e7e54e-7c41-48c5-8eef-256523a1de26,0.92,0.9200
2023-10-13 01:36:34.074861+00:00,700,700.00,7,0.0700,0.93,yes,FEDDECISION-23NOV-H0,6626ff37-9b29-41dd-830e-9165b1d12ce0,0.93,0.9300
2023-10-13 01:36:34.074861+00:00,500,500.00,7,0.0700,0.93,yes,FEDDECISION-23NOV-H0,a6353d7e-c4b4-45ba-a39b-325436085e34,0.93,0.9300
2023-10-13 01:36:34.074861+00:00,864,864.00,7,0.0700,0.93,yes,FEDDECISION-23NOV-H0,461599f5-3861-4a28-ab6e-98821778437e,0.93,0.9300
2023-10-13 13:50:28.249135+00:00,900,900.00,7,0.0700,0.93,yes,FEDDECISION-23NOV-H0,66806bc0-299d-46ca-beac-82535b177cd1,0.93,0.9300
2023-10-13 13:50:28.249135+00:00,3,3.00,7,0.0700,0.93,yes,FEDDECISION-23NOV-H0,d3b4be17-12da-4102-9d57-83d2231c37ab,0.93,0.9300
2023-10-13 13:50:28.249135+00:00,126,126.00,7,0.0700,0.93,yes,FEDDECISION-23NOV-H0,d422f60c-84cd-48d8-aa31-f6bee59aa665,0.93,0.9300
2023-10-13 16:58:05.734470+00:00,1000,1000.00,6,0.0600,0.94,yes,FEDDECISION-23NOV-H0,25f53b26-8ca6-41cf-96a0-86c8bfe45277,0.94,0.9400
2023-10-13 16:58:05.734470+00:00,800,800.00,6,0.0600,0.94,yes,FEDDECISION-23NOV-H0,574df993-ba2e-4c61-bb56-9a7d0b0a79f4,0.94,0.9400
2023-10-13 16:58:05.734470+00:00,887,887.00,6,0.0600,0.94,yes,FEDDECISION-23NOV-H0,ddf38946-9001-42ef-b8ff-743b0a79954e,0.94,0.9400
2023-10-13 17:04:56.125387+00:00,444,444.00,9,0.0900,0.91,no,FEDDECISION-23NOV-H0,512e9bbc-5365-4686-9c46-e84874c9c806,0.91,0.9100
2023-10-13 17:04:56.125387+00:00,324,324.00,9,0.0900,0.91,no,FEDDECISION-23NOV-H0,9b751c9b-4b7a-4987-ba1e-db75fb04374d,0.91,0.9100
2023-10-13 19:18:25.605819+00:00,430,430.00,7,0.0700,0.93,yes,FEDDECISION-23NOV-H0,cb8c5ddf-4f49-4ba9-a0d3-15d7070967e6,0.93,0.9300
2023-10-13 22:28:10.381651+00:00,3,3.00,9,0.0900,0.91,no,FEDDECISION-23NOV-H0,b9d7b49e-6442-40dd-8b9c-cccf02bfefd0,0.91,0.9100
2023-10-13 23:43:54.234571+00:00,100,100.00,7,0.0700,0.93,yes,FEDDECISION-23NOV-H0,fe02b6a7-0a0b-47ca-bcea-6659245735d6,0.93,0.9300
2023-10-13 23:43:54.234571+00:00,150,150.00,7,0.0700,0.93,yes,FEDDECISION-23NOV-H0,268c9793-f29b-462b-89ee-ce8a7c218c8a,0.93,0.9300
2023-10-13 23:43:54.234571+00:00,14,14.00,7,0.0700,0.93,yes,FEDDECISION-23NOV-H0,d93d26b1-349f-44b4-af02-f828d84a5461,0.93,0.9300
2023-10-13 23:44:15.355654+00:00,100,100.00,7,0.0700,0.93,yes,FEDDECISION-23NOV-H0,7d902a4c-b699-4784-b7fd-6ea4c8c670fd,0.93,0.9300
2023-10-14 15:05:50.645099+00:00,1500,1500.00,6,0.0600,0.94,yes,FEDDECISION-23NOV-H0,0cf235f4-dda4-4213-854b-459d836bf0ef,0.94,0.9400
2023-10-14 19:27:31.069006+00:00,80,80.00,6,0.0600,0.94,no,FEDDECISION-23NOV-H0,fdee1f80-854c-4a79-a687-d749b6a10a67,0.94,0.9400
2023-10-15 00:47:56.460993+00:00,475,475.00,6,0.0600,0.94,no,FEDDECISION-23NOV-H0,f9991270-f3f9-4059-9700-c9df6d673ada,0.94,0.9400
2023-10-15 00:48:14.566330+00:00,298,298.00,6,0.0600,0.94,yes,FEDDECISION-23NOV-H0,2ea07acd-fb92-4b54-bd3c-c7b436f15979,0.94,0.9400
2023-10-15 00:48:14.566330+00:00,600,600.00,6,0.0600,0.94,yes,FEDDECISION-23NOV-H0,9ef019a3-db51-48dd-a59b-1a98a9329132,0.94,0.9400
2023-10-15 01:38:49.279377+00:00,25,25.00,5,0.0500,0.95,yes,FEDDECISION-23NOV-H0,1034a031-7fff-41b0-adc5-91323dd18f20,0.95,0.9500
2023-10-15 01:38:49.279377+00:00,809,809.00,5,0.0500,0.95,yes,FEDDECISION-23NOV-H0,28a7382c-56e6-4bd7-b9ab-80fa14a8fbe4,0.95,0.9500
2023-10-15 14:46:50.600494+00:00,555,555.00,6,0.0600,0.94,no,FEDDECISION-23NOV-H0,c18d7055-bac9-455c-a303-d7fdd2c4e33d,0.94,0.9400
2023-10-15 18:24:02.647370+00:00,104,104.00,5,0.0500,0.95,yes,FEDDECISION-23NOV-H0,dbf21f43-7e98-4735-b365-a366fbef19ef,0.95,0.9500
2023-10-15 19:22:04.294776+00:00,4,4.00,6,0.0600,0.94,no,FEDDECISION-23NOV-H0,4a364694-52c6-4d05-8f89-ce610432477d,0.94,0.9400
2023-10-16 01:53:38.827712+00:00,16,16.00,6,0.0600,0.94,no,FEDDECISION-23NOV-H0,f6f6705b-f34c-4f29-9caf-6fdac6d89018,0.94,0.9400
2023-10-16 01:56:44.087285+00:00,5,5.00,6,0.0600,0.94,no,FEDDECISION-23NOV-H0,3d856694-e58e-48e4-b633-34e7b34a0645,0.94,0.9400
2023-10-16 01:56:56.453771+00:00,4,4.00,6,0.0600,0.94,no,FEDDECISION-23NOV-H0,280018f7-3835-4d52-94b5-76d99efe28e8,0.94,0.9400
2023-10-16 13:58:13.360732+00:00,10,10.00,5,0.0500,0.95,yes,FEDDECISION-23NOV-H0,069480a9-f0cf-4b86-8bf7-eb634c5b4627,0.95,0.9500
2023-10-16 14:18:32.185067+00:00,49,49.00,6,0.0600,0.94,no,FEDDECISION-23NOV-H0,aa0da9fb-2f39-4d50-8081-978e0b064c27,0.94,0.9400
2023-10-16 18:00:11.077500+00:00,16,16.00,6,0.0600,0.94,no,FEDDECISION-23NOV-H0,14d18b7c-6f3e-4cfa-8e5d-57223f60919f,0.94,0.9400
2023-10-16 22:48:17.915940+00:00,1291,1291.00,5,0.0500,0.95,yes,FEDDECISION-23NOV-H0,b0fd5977-26a9-42ad-a0e7-272dc7208455,0.95,0.9500
2023-10-17 02:17:54.151992+00:00,500,500.00,4,0.0400,0.96,yes,FEDDECISION-23NOV-H0,cceae9c3-b5a0-4383-9830-a982787c5088,0.96,0.9600
2023-10-17 13:37:29.130440+00:00,1500,1500.00,5,0.0500,0.95,no,FEDDECISION-23NOV-H0,5076a9cb-19ed-4307-b802-d6dc9e311c2c,0.95,0.9500
2023-10-17 13:37:29.130440+00:00,21,21.00,8,0.0800,0.92,no,FEDDECISION-23NOV-H0,96343d20-74a4-418b-85d3-6d1f1c7cec1d,0.92,0.9200
2023-10-17 13:37:29.130440+00:00,1500,1500.00,5,0.0500,0.95,no,FEDDECISION-23NOV-H0,c835a5e8-855f-47df-ae57-ce4ce60d1779,0.95,0.9500
2023-10-17 13:39:46.562397+00:00,1007,1007.00,7,0.0700,0.93,no,FEDDECISION-23NOV-H0,b564d44a-2a95-48fb-aece-0a77baadf99f,0.93,0.9300
2023-10-17 13:39:57.783309+00:00,857,857.00,8,0.0800,0.92,no,FEDDECISION-23NOV-H0,a9864e48-4fff-45bd-9aa1-eb9ce5550b61,0.92,0.9200
2023-10-17 13:39:57.783309+00:00,150,150.00,7,0.0700,0.93,no,FEDDECISION-23NOV-H0,2c68908a-14ba-4132-8751-570f651c9e29,0.93,0.9300
2023-10-17 13:40:10.321288+00:00,450,450.00,7,0.0700,0.93,no,FEDDECISION-23NOV-H0,ef417c90-c1ae-4278-b594-55fe2700218e,0.93,0.9300
2023-10-17 13:40:10.321288+00:00,435,435.00,8,0.0800,0.92,no,FEDDECISION-23NOV-H0,3d92da16-ed77-4bb0-8131-925e58cb38dc,0.92,0.9200
2023-10-17 13:40:10.321288+00:00,122,122.00,8,0.0800,0.92,no,FEDDECISION-23NOV-H0,77edd6b8-afac-4a45-a2ad-f78888703d4c,0.92,0.9200
2023-10-17 13:42:21.968714+00:00,1007,1007.00,8,0.0800,0.92,no,FEDDECISION-23NOV-H0,b19cc48b-8555-42d4-ab8a-08252b129198,0.92,0.9200
2023-10-17 13:42:30.089937+00:00,1007,1007.00,9,0.0900,0.91,no,FEDDECISION-23NOV-H0,5950ec41-af48-4093-8dcb-af44110cb9d3,0.91,0.9100
2023-10-17 14:08:39.256097+00:00,100,100.00,7,0.0700,0.93,no,FEDDECISION-23NOV-H0,ff29e963-4313-467d-a084-966407216caf,0.93,0.9300
2023-10-17 14:08:39.260718+00:00,100,100.00,7,0.0700,0.93,no,FEDDECISION-23NOV-H0,ef17e4f9-275a-4a03-b353-16a525c38bf6,0.93,0.9300
2023-10-17 14:08:48.507926+00:00,100,100.00,7,0.0700,0.93,no,FEDDECISION-23NOV-H0,6b6b90a5-688a-4513-a6dc-57f9917a5d8b,0.93,0.9300
2023-10-17 14:08:48.662242+00:00,80,80.00,7,0.0700,0.93,no,FEDDECISION-23NOV-H0,91aa170f-1802-496c-9779-d0a8898513d2,0.93,0.9300
2023-10-17 14:09:00.739262+00:00,100,100.00,7,0.0700,0.93,no,FEDDECISION-23NOV-H0,fd6fdba3-33cc-4e69-923b-4fc38106734b,0.93,0.9300
2023-10-17 14:09:00.748976+00:00,75,75.00,7,0.0700,0.93,no,FEDDECISION-23NOV-H0,06e08e4b-c3fb-4618-a79f-89bbf3841f9a,0.93,0.9300
2023-10-17 14:09:00.748976+00:00,25,25.00,8,0.0800,0.92,no,FEDDECISION-23NOV-H0,4f91a2b4-5b5a-4d51-a36e-2f5af3274b4e,0.92,0.9200
2023-10-17 14:09:00.760574+00:00,100,100.00,8,0.0800,0.92,no,FEDDECISION-23NOV-H0,0e575fce-14ef-44c7-9686-705c964497ae,0.92,0.9200
2023-10-17 14:28:13.620900+00:00,100,100.00,7,0.0700,0.93,yes,FEDDECISION-23NOV-H0,0490476f-d303-4900-add8-802c1daa13cb,0.93,0.9300
2023-10-17 14:29:31.476354+00:00,555,555.00,9,0.0900,0.91,no,FEDDECISION-23NOV-H0,a48d5bab-bd17-41cc-8bb6-0e8b2fdee16e,0.91,0.9100
2023-10-17 14:29:31.476354+00:00,15,15.00,9,0.0900,0.91,no,FEDDECISION-23NOV-H0,c4f5c8df-a58c-445e-9763-7975e69e5e79,0.91,0.9100
2023-10-17 14:29:31.476354+00:00,430,430.00,8,0.0800,0.92,no,FEDDECISION-23NOV-H0,faaf05aa-7a82-49c1-8963-a758e73c2a12,0.92,0.9200
2023-10-17 14:29:52.151478+00:00,7,7.00,8,0.0800,0.92,no,FEDDECISION-23NOV-H0,b96141a3-8583-47eb-8d7b-ce7ab7a64fe9,0.92,0.9200
2023-10-17 14:30:49.786702+00:00,15,15.00,10,0.1000,0.9,no,FEDDECISION-23NOV-H0,6750a154-c34d-438e-bdaf-3a869af615d1,0.9,0.9000
2023-10-17 14:30:49.786702+00:00,249,249.00,10,0.1000,0.9,no,FEDDECISION-23NOV-H0,b9b033dd-fcb6-45e4-a790-041f4f72c7ab,0.9,0.9000
2023-10-17 14:30:49.786702+00:00,243,243.00,8,0.0800,0.92,no,FEDDECISION-23NOV-H0,f6c745f1-a31f-4954-8eb3-b8897c92f391,0.92,0.9200
2023-10-17 14:30:49.786702+00:00,500,500.00,9,0.0900,0.91,no,FEDDECISION-23NOV-H0,fd0b9800-fbb7-4896-993b-36e78c3dd0b3,0.91,0.9100
2023-10-17 14:31:39.060748+00:00,239,239.00,8,0.0800,0.92,yes,FEDDECISION-23NOV-H0,b184d9e1-2369-4495-8a63-4849a4479e00,0.92,0.9200
2023-10-17 15:34:26.635434+00:00,75,75.00,8,0.0800,0.92,yes,FEDDECISION-23NOV-H0,2462e4a5-373e-4fdb-9b10-30768da550ad,0.92,0.9200
2023-10-17 15:36:15.446100+00:00,480,480.00,8,0.0800,0.92,no,FEDDECISION-23NOV-H0,9400adc4-d27f-48d3-963a-453894942b7d,0.92,0.9200
2023-10-17 15:36:15.446100+00:00,527,527.00,9,0.0900,0.91,no,FEDDECISION-23NOV-H0,b96fca50-5658-4e54-ab8a-3a93866a61ed,0.91,0.9100
2023-10-17 16:23:55.349674+00:00,1250,1250.00,8,0.0800,0.92,yes,FEDDECISION-23NOV-H0,ea1497dc-a903-4197-a77a-b527aa6ac1e4,0.92,0.9200
2023-10-17 16:38:47.977769+00:00,400,400.00,7,0.0700,0.93,yes,FEDDECISION-23NOV-H0,ce83392d-a1c8-4c5e-a846-c8b4500f1829,0.93,0.9300
2023-10-17 16:38:47.977769+00:00,600,600.00,7,0.0700,0.93,yes,FEDDECISION-23NOV-H0,b6a8e001-c32a-47e1-aa80-84049f45f6a2,0.93,0.9300
2023-10-18 01:57:01.660007+00:00,5,5.00,7,0.0700,0.93,yes,FEDDECISION-23NOV-H0,65ceecc3-0394-422c-ba6b-b21f1501bc75,0.93,0.9300
2023-10-18 12:25:44.222078+00:00,405,405.00,7,0.0700,0.93,yes,FEDDECISION-23NOV-H0,2310f7c1-a71a-497e-8d1b-1fc01be2d00e,0.93,0.9300
2023-10-18 12:25:44.222078+00:00,1595,1595.00,7,0.0700,0.93,yes,FEDDECISION-23NOV-H0,28281666-31e3-4d6b-911a-a61c125a8d6c,0.93,0.9300
2023-10-18 13:58:48.126302+00:00,5,5.00,8,0.0800,0.92,no,FEDDECISION-23NOV-H0,40fe0b53-cefb-4777-81a9-d85d87387460,0.92,0.9200
2023-10-18 15:25:17.846159+00:00,20,20.00,8,0.0800,0.92,no,FEDDECISION-23NOV-H0,38f81c54-499c-47bc-9b16-7bb77b8de5a2,0.92,0.9200
2023-10-18 15:38:27.976466+00:00,595,595.00,7,0.0700,0.93,yes,FEDDECISION-23NOV-H0,c110b5e8-84e5-4753-88a8-e29f1dd60bdc,0.93,0.9300
2023-10-18 15:39:44.863181+00:00,7,7.00,8,0.0800,0.92,no,FEDDECISION-23NOV-H0,b9433143-a912-4186-8e66-addb925d028d,0.92,0.9200
2023-10-18 15:39:44.863181+00:00,1000,1000.00,7,0.0700,0.93,no,FEDDECISION-23NOV-H0,e61ab4b9-caa3-477a-8bd0-1a57b019b2e4,0.93,0.9300
2023-10-18 16:07:20.955793+00:00,607,607.00,6,0.0600,0.94,yes,FEDDECISION-23NOV-H0,16d8e65e-4ac3-4b36-ae1b-b4d8529ab67c,0.94,0.9400
2023-10-18 16:07:20.955793+00:00,400,400.00,7,0.0700,0.93,yes,FEDDECISION-23NOV-H0,864ea8fe-e82b-4923-8a2c-786e7bea9b52,0.93,0.9300
2023-10-18 16:07:37.398225+00:00,600,600.00,6,0.0600,0.94,yes,FEDDECISION-23NOV-H0,9fa8453f-1252-4c8c-a168-d7bf87d61bbc,0.94,0.9400
2023-10-18 16:07:37.398225+00:00,1414,1414.00,6,0.0600,0.94,yes,FEDDECISION-23NOV-H0,0c88e701-1bc8-4605-b4cc-dfde9a1916ea,0.94,0.9400
2023-10-18 16:07:54.722102+00:00,607,607.00,6,0.0600,0.94,yes,FEDDECISION-23NOV-H0,8201944c-b341-43ce-b0c5-40b3a0617559,0.94,0.9400
2023-10-18 16:07:54.722102+00:00,400,400.00,6,0.0600,0.94,yes,FEDDECISION-23NOV-H0,ecb08428-cd7e-4eee-ac4b-6ddccba637ba,0.94,0.9400
2023-10-18 16:08:38.517603+00:00,600,600.00,6,0.0600,0.94,yes,FEDDECISION-23NOV-H0,146542c5-d93a-4339-9e56-b2dbb8a3e0aa,0.94,0.9400
2023-10-18 16:08:44.391571+00:00,400,400.00,6,0.0600,0.94,yes,FEDDECISION-23NOV-H0,1f642676-f6bd-49c8-bf04-656de9ff2dc3,0.94,0.9400
2023-10-18 16:08:44.391571+00:00,600,600.00,6,0.0600,0.94,yes,FEDDECISION-23NOV-H0,40981127-fc3a-48ec-ade6-4a90399e1ba9,0.94,0.9400
2023-10-18 16:08:44.391571+00:00,1838,1838.00,5,0.0500,0.95,yes,FEDDECISION-23NOV-H0,c6f1a663-4d06-4328-ac1d-8dedc7bd62ae,0.95,0.9500
2023-10-18 19:00:05.649752+00:00,10,10.00,5,0.0500,0.95,yes,FEDDECISION-23NOV-H0,13a4db70-56e5-4406-81c2-7a31bca058b5,0.95,0.9500
2023-10-18 19:13:06.964798+00:00,15,15.00,6,0.0600,0.94,no,FEDDECISION-23NOV-H0,e59a4188-aabc-425c-a359-fed9ac41beb5,0.94,0.9400
2023-10-18 19:14:56.067785+00:00,96,96.00,6,0.0600,0.94,no,FEDDECISION-23NOV-H0,286e882b-dd27-4dac-bbab-591bc937e28a,0.94,0.9400
2023-10-18 23:33:44.396245+00:00,740,740.00,4,0.0400,0.96,yes,FEDDECISION-23NOV-H0,d9549992-00b3-4389-8be6-be1d2bc21348,0.96,0.9600
2023-10-18 23:33:44.396245+00:00,2000,2000.00,4,0.0400,0.96,yes,FEDDECISION-23NOV-H0,ae7c47e8-93d9-4984-83bf-38be7e2840eb,0.96,0.9600
2023-10-18 23:33:44.396245+00:00,266,266.00,3,0.0300,0.97,yes,FEDDECISION-23NOV-H0,4b46601f-31b7-4aa9-b4ae-7ea521e4c0ee,0.97,0.9700
2023-10-18 23:33:44.396245+00:00,15,15.00,3,0.0300,0.97,yes,FEDDECISION-23NOV-H0,ad2d665c-934b-44d1-8113-9275409a6533,0.97,0.9700
2023-10-19 14:07:38.989477+00:00,1000,1000.00,5,0.0500,0.95,no,FEDDECISION-23NOV-H0,5d09e540-86b4-4aae-a504-af4b4af6ca0e,0.95,0.9500
2023-10-19 14:07:38.989477+00:00,7,7.00,6,0.0600,0.94,no,FEDDECISION-23NOV-H0,dc391fe6-84f5-4d52-840d-8cc97e330180,0.94,0.9400
2023-10-19 15:58:03.122456+00:00,786,786.00,4,0.0400,0.96,yes,FEDDECISION-23NOV-H0,2ffde9ba-3dea-4c63-b083-6978cb77a422,0.96,0.9600
2023-10-19 15:58:03.122456+00:00,29,29.00,5,0.0500,0.95,yes,FEDDECISION-23NOV-H0,78ca19b9-a82d-4f14-bdd3-634a406f9e22,0.95,0.9500
2023-10-19 15:58:03.122456+00:00,192,192.00,3,0.0300,0.97,yes,FEDDECISION-23NOV-H0,af5d1418-9eec-41f4-8dbc-ab95fd7385cc,0.97,0.9700
2023-10-19 15:58:45.118323+00:00,786,786.00,4,0.0400,0.96,yes,FEDDECISION-23NOV-H0,617d66e9-6ba6-4a9a-a25b-e38221461de6,0.96,0.9600
2023-10-19 15:58:45.118323+00:00,221,221.00,3,0.0300,0.97,yes,FEDDECISION-23NOV-H0,b4cfa8ff-4b2f-4846-988b-7056d310801e,0.97,0.9700
2023-10-19 15:58:52.246661+00:00,25,25.00,4,0.0400,0.96,yes,FEDDECISION-23NOV-H0,e480faaf-2a59-4509-917e-0a5f184715f8,0.96,0.9600
2023-10-19 16:02:44.685387+00:00,570,570.00,3,0.0300,0.97,yes,FEDDECISION-23NOV-H0,38b2f2f1-d57e-4056-88bf-fbb709c5d451,0.97,0.9700
2023-10-19 16:02:44.685387+00:00,321,321.00,3,0.0300,0.97,yes,FEDDECISION-23NOV-H0,5ddc3f86-aaef-45e8-9260-6901e3441adb,0.97,0.9700
2023-10-19 16:02:44.685387+00:00,116,116.00,4,0.0400,0.96,yes,FEDDECISION-23NOV-H0,de3e26ba-8051-4d57-aa96-072df59dbd7a,0.96,0.9600
2023-10-19 16:02:49.603509+00:00,50,50.00,4,0.0400,0.96,yes,FEDDECISION-23NOV-H0,f3995b3e-bbf6-4e01-9e96-cc2026a25c16,0.96,0.9600
2023-10-19 16:02:59.112960+00:00,25,25.00,4,0.0400,0.96,yes,FEDDECISION-23NOV-H0,3bfbbc32-3892-4bd8-a505-774116980137,0.96,0.9600
2023-10-19 16:03:46.920398+00:00,710,710.00,4,0.0400,0.96,yes,FEDDECISION-23NOV-H0,19292a4e-5c8b-4936-8548-0522376d0547,0.96,0.9600
2023-10-19 16:03:46.920398+00:00,297,297.00,3,0.0300,0.97,yes,FEDDECISION-23NOV-H0,1f0804e0-d680-4c6b-a0c5-48393aa59ac2,0.97,0.9700
2023-10-19 16:11:25.841802+00:00,50,50.00,3,0.0300,0.97,yes,FEDDECISION-23NOV-H0,00d08d7d-f6b6-4347-914b-9798a6e9e94a,0.97,0.9700
2023-10-19 16:11:25.841802+00:00,133,133.00,3,0.0300,0.97,yes,FEDDECISION-23NOV-H0,66e213d0-855c-46d3-b1a7-ae46224baa93,0.97,0.9700
2023-10-19 16:11:56.696114+00:00,50,50.00,3,0.0300,0.97,yes,FEDDECISION-23NOV-H0,b00e4686-65c3-49fd-b7e1-c97c244af1da,0.97,0.9700
2023-10-19 16:15:02.381720+00:00,50,50.00,2,0.0200,0.98,yes,FEDDECISION-23NOV-H0,0b9d553d-4d5b-4ac7-9486-bf0c1832831c,0.98,0.9800
2023-10-19 16:15:02.381720+00:00,50,50.00,1,0.0100,0.99,yes,FEDDECISION-23NOV-H0,1733bad5-9518-46ef-a848-b3a9134f9db9,0.99,0.9900
2023-10-19 16:15:02.381720+00:00,50,50.00,1,0.0100,0.99,yes,FEDDECISION-23NOV-H0,6e97c920-c609-4316-875b-aa5d7018c4ef,0.99,0.9900
2023-10-19 16:15:02.381720+00:00,557,557.00,1,0.0100,0.99,yes,FEDDECISION-23NOV-H0,94ac8ff2-94fd-4643-8670-12a2f89d3d7d,0.99,0.9900
2023-10-19 16:15:02.381720+00:00,50,50.00,1,0.0100,0.99,yes,FEDDECISION-23NOV-H0,b57d0d52-7371-4010-b5ae-d3cc4925b9e1,0.99,0.9900
2023-10-19 16:15:02.381720+00:00,250,250.00,1,0.0100,0.99,yes,FEDDECISION-23NOV-H0,c6cb096a-9238-4937-bd5a-a207076c38f2,0.99,0.9900
2023-10-19 17:18:14.084967+00:00,222,222.00,2,0.0200,0.98,yes,FEDDECISION-23NOV-H0,dd681225-f63b-4658-b5ff-a356a50f0d25,0.98,0.9800
2023-10-19 17:18:14.084967+00:00,785,785.00,3,0.0300,0.97,yes,FEDDECISION-23NOV-H0,78e09cc0-c4be-4d4f-b8a5-a208f93c453e,0.97,0.9700
2023-10-19 17:18:21.883662+00:00,250,250.00,3,0.0300,0.97,yes,FEDDECISION-23NOV-H0,6737d003-da03-49fb-87a8-3afd94fb8e65,0.97,0.9700
2023-10-19 17:18:21.895534+00:00,85,85.00,2,0.0200,0.98,yes,FEDDECISION-23NOV-H0,8ac49351-305d-48ca-9974-ec83024a60d6,0.98,0.9800
2023-10-19 17:18:21.895534+00:00,165,165.00,3,0.0300,0.97,yes,FEDDECISION-23NOV-H0,27f8dae4-017b-4d28-b4e2-e4a152c09722,0.97,0.9700
2023-10-19 20:12:53.296424+00:00,3,3.00,2,0.0200,0.98,yes,FEDDECISION-23NOV-H0,3b5a8f63-c1b1-40e2-b46f-100ef33613d9,0.98,0.9800
2023-10-19 20:12:53.296424+00:00,2011,2011.00,2,0.0200,0.98,yes,FEDDECISION-23NOV-H0,495468d9-3cd6-4f95-9367-e99b63531bb1,0.98,0.9800
2023-10-20 00:12:15.190489+00:00,2682,2682.00,2,0.0200,0.98,yes,FEDDECISION-23NOV-H0,4c34bfb7-1fd6-4ad5-b341-134c51342132,0.98,0.9800
2023-10-20 00:14:20.061126+00:00,1200,1200.00,2,0.0200,0.98,yes,FEDDECISION-23NOV-H0,dc40dc5e-4cc0-4f8c-93d2-1dd851068b5a,0.98,0.9800
2023-10-20 12:27:23.512476+00:00,1467,1467.00,3,0.0300,0.97,no,FEDDECISION-23NOV-H0,a9b8b7b3-ca3e-4469-985c-7e65f8a63316,0.97,0.9700
2023-10-20 15:51:18.809675+00:00,1,1.00,3,0.0300,0.97,no,FEDDECISION-23NOV-H0,b857611e-6e75-4a31-827c-ed91e0f0a447,0.97,0.9700
2023-10-20 15:59:59.632119+00:00,960,960.00,2,0.0200,0.98,yes,FEDDECISION-23NOV-H0,7d9b69e3-6136-42c4-8e09-d5660b91a8ad,0.98,0.9800
2023-10-20 16:00:08.419050+00:00,6,6.00,3,0.0300,0.97,no,FEDDECISION-23NOV-H0,7ca0b98f-ba8a-4093-9812-7243ebf61951,0.97,0.9700
2023-10-20 16:56:03.743162+00:00,23,23.00,3,0.0300,0.97,no,FEDDECISION-23NOV-H0,7b1aee5d-f6e7-41a4-925b-e716674ad401,0.97,0.9700
2023-10-20 20:29:08.883461+00:00,125,125.00,3,0.0300,0.97,no,FEDDECISION-23NOV-H0,eab77f72-3f05-44ad-8f60-091543d66ff7,0.97,0.9700
2023-10-23 12:40:22.680951+00:00,1000,1000.00,3,0.0300,0.97,no,FEDDECISION-23NOV-H0,ae7048d0-1ef2-431e-9015-f142786f6dc4,0.97,0.9700
2023-10-23 16:50:17.050231+00:00,399,399.00,2,0.0200,0.98,yes,FEDDECISION-23NOV-H0,395307ac-9e02-4d85-8e25-38629595caea,0.98,0.9800
2023-10-24 14:44:51.655042+00:00,100,100.00,2,0.0200,0.98,yes,FEDDECISION-23NOV-H0,95007b1e-2607-4bc3-9608-e2be2ccf67ee,0.98,0.9800
2023-10-25 00:49:56.997405+00:00,93,93.00,3,0.0300,0.97,no,FEDDECISION-23NOV-H0,72912cfa-49f2-4fec-973b-50a545d262bc,0.97,0.9700
2023-10-25 02:36:35.897060+00:00,120,120.00,1,0.0100,0.99,yes,FEDDECISION-23NOV-H0,bf884a1f-e35a-4590-bc45-912489df9ccd,0.99,0.9900
2023-10-25 02:36:35.897060+00:00,30,30.00,1,0.0100,0.99,yes,FEDDECISION-23NOV-H0,eb723d21-bcf5-401d-8a3e-f527b92523b2,0.99,0.9900
2023-10-25 18:43:48.755289+00:00,500,500.00,2,0.0200,0.98,no,FEDDECISION-23NOV-H0,8da388fa-b413-4f2a-8b8c-605d203a36e0,0.98,0.9800
2023-10-26 15:51:01.011946+00:00,2,2.00,2,0.0200,0.98,yes,FEDDECISION-23NOV-H0,6b3455a0-9058-4e66-a6f1-72e921e2869c,0.98,0.9800
2023-10-26 20:15:57.202694+00:00,997,997.00,2,0.0200,0.98,no,FEDDECISION-23NOV-H0,a3132a63-aa10-4dc6-b512-bc0461b8a28e,0.98,0.9800
2023-10-26 20:15:57.202694+00:00,3,3.00,2,0.0200,0.98,no,FEDDECISION-23NOV-H0,c49d9829-9618-4c1b-ac27-4ceb0023ded0,0.98,0.9800
2023-10-26 20:36:08.701832+00:00,300,300.00,1,0.0100,0.99,yes,FEDDECISION-23NOV-H0,b0788d68-6a65-4dad-aa0d-be6bd393211b,0.99,0.9900
2023-10-27 00:33:41.291120+00:00,2215,2215.00,2,0.0200,0.98,no,FEDDECISION-23NOV-H0,4572f971-1a15-49f1-a5c0-216ba1a6e08a,0.98,0.9800
2023-10-27 20:16:31.100465+00:00,5,5.00,2,0.0200,0.98,no,FEDDECISION-23NOV-H0,ce74b250-2ef5-4b96-9fea-89b6a2a81004,0.98,0.9800
2023-10-27 22:44:31.422667+00:00,10,10.00,1,0.0100,0.99,yes,FEDDECISION-23NOV-H0,f201424f-8697-4e08-b6c8-6345f6e3ab9d,0.99,0.9900
2023-10-30 02:57:39.904018+00:00,75,75.00,2,0.0200,0.98,no,FEDDECISION-23NOV-H0,a4465541-9cb9-414c-aa76-351ffc5b942a,0.98,0.9800
2023-10-30 03:01:12.581066+00:00,14,14.00,3,0.0300,0.97,no,FEDDECISION-23NOV-H0,19ee24e1-90c1-4bbd-9818-f9211b75bdd4,0.97,0.9700
2023-10-30 03:01:12.581066+00:00,86,86.00,3,0.0300,0.97,no,FEDDECISION-23NOV-H0,db4db672-e7ee-497b-b000-ff53889b8ee8,0.97,0.9700
2023-10-30 16:02:02.194052+00:00,125,125.00,3,0.0300,0.97,no,FEDDECISION-23NOV-H0,f13eaea4-2e0e-4e2c-8894-d89487d470cf,0.97,0.9700
2023-10-30 23:32:00.707140+00:00,140,140.00,2,0.0200,0.98,no,FEDDECISION-23NOV-H0,a4509adb-99ba-4ba1-bf30-ebf298f74e8a,0.98,0.9800
2023-10-31 14:17:23.207626+00:00,25,25.00,1,0.0100,0.99,yes,FEDDECISION-23NOV-H0,8a8b373f-6c7b-4072-be1f-f9492530c639,0.99,0.9900
2023-10-31 16:20:44.000695+00:00,608,608.00,1,0.0100,0.99,yes,FEDDECISION-23NOV-H0,08d76815-d796-418a-97e4-3fad5deca2f0,0.99,0.9900
2023-10-31 17:43:35.817138+00:00,8,8.00,2,0.0200,0.98,no,FEDDECISION-23NOV-H0,863fc513-d666-4e33-8e34-9ecb7493ec3b,0.98,0.9800
2023-10-31 20:02:25.787715+00:00,30,30.00,2,0.0200,0.98,no,FEDDECISION-23NOV-H0,8c160a31-8e72-4c93-89eb-fdd6a48685c7,0.98,0.9800
2023-11-01 01:41:29.551719+00:00,150,150.00,1,0.0100,0.99,yes,FEDDECISION-23NOV-H0,b9787e53-5abd-4427-a84f-c711c9320f5c,0.99,0.9900
2023-11-01 01:52:01.161380+00:00,233,233.00,2,0.0200,0.98,no,FEDDECISION-23NOV-H0,c02c4ec7-487e-4ee9-a88c-dedf2c36daeb,0.98,0.9800
2023-11-01 02:59:58.675100+00:00,14,14.00,1,0.0100,0.99,yes,FEDDECISION-23NOV-H0,d4d2d1a3-cee5-4e64-b01e-e89deee66b5b,0.99,0.9900
2023-11-01 14:21:58.044580+00:00,50,50.00,1,0.0100,0.99,yes,FEDDECISION-23NOV-H0,e382248d-335d-4142-a32e-7e4fabc2bddb,0.99,0.9900
2023-11-01 14:21:58.044580+00:00,100,100.00,1,0.0100,0.99,yes,FEDDECISION-23NOV-H0,e0bbdf21-4519-4445-84ce-7ec35be740e2,0.99,0.9900
2023-11-01 14:21:58.044580+00:00,30,30.00,1,0.0100,0.99,yes,FEDDECISION-23NOV-H0,5dd28975-c1b4-4837-b274-23a7ca771508,0.99,0.9900
2023-11-01 14:21:58.044580+00:00,773,773.00,1,0.0100,0.99,yes,FEDDECISION-23NOV-H0,5a738188-e718-4bd8-9e3e-9804f861cfa1,0.99,0.9900
2023-11-01 14:21:58.044580+00:00,1000,1000.00,1,0.0100,0.99,yes,FEDDECISION-23NOV-H0,8c4a9abf-a5d1-4fdd-b26a-c423a69c7d60,0.99,0.9900
2023-11-01 15:28:21.967706+00:00,1000,1000.00,1,0.0100,0.99,no,FEDDECISION-23NOV-H0,25b44440-f0c8-43ea-969f-f0e32ac10e38,0.99,0.9900
2023-11-01 16:01:37.422653+00:00,1047,1047.00,1,0.0100,0.99,no,FEDDECISION-23NOV-H0,58e68fcb-ca7e-420f-8810-d74d777140c9,0.99,0.9900
2023-11-01 16:01:37.422653+00:00,822,822.00,1,0.0100,0.99,no,FEDDECISION-23NOV-H0,a519159d-3c4c-4a21-a9e6-42976b7ed235,0.99,0.9900
2023-11-01 16:09:07.734845+00:00,100,100.00,1,0.0100,0.99,no,FEDDECISION-23NOV-H0,5ab62fde-586b-46cb-ad26-f7ef0c3baba1,0.99,0.9900
2023-11-01 16:47:51.798447+00:00,659,659.00,1,0.0100,0.99,no,FEDDECISION-23NOV-H0,47e25665-4ed3-4396-90c0-b78ccdb3189c,0.99,0.9900
2023-11-01 16:51:28.176419+00:00,9,9.00,1,0.0100,0.99,no,FEDDECISION-23NOV-H0,ba4f9752-98f0-400b-8388-99d7b0004f4d,0.99,0.9900
2023-11-01 17:49:43.305875+00:00,524,524.00,1,0.0100,0.99,no,FEDDECISION-23NOV-H0,003fd5ac-cc17-40a1-bd07-d5f22ee95132,0.99,0.9900
2023-11-01 17:49:43.305875+00:00,410,410.00,1,0.0100,0.99,no,FEDDECISION-23NOV-H0,c4b5fc01-cc44-4368-a4ef-b7dc5328d1d7,0.99,0.9900
